-- phpMyAdmin SQL Dump
-- version 5.2.0
-- https://www.phpmyadmin.net/
--
-- Host: 127.0.0.1
-- Generation Time: May 15, 2025 at 11:02 AM
-- Server version: 10.4.27-MariaDB
-- PHP Version: 8.2.0

SET SQL_MODE = "NO_AUTO_VALUE_ON_ZERO";
START TRANSACTION;
SET time_zone = "+00:00";


/*!40101 SET @OLD_CHARACTER_SET_CLIENT=@@CHARACTER_SET_CLIENT */;
/*!40101 SET @OLD_CHARACTER_SET_RESULTS=@@CHARACTER_SET_RESULTS */;
/*!40101 SET @OLD_COLLATION_CONNECTION=@@COLLATION_CONNECTION */;
/*!40101 SET NAMES utf8mb4 */;

--
-- Database: `db_time-attendance`
--

DELIMITER $$
--
-- Procedures
--
CREATE DEFINER=`root`@`localhost` PROCEDURE `insert_daily_attendance` ()   BEGIN
    DECLARE today_date DATE;
    SET today_date = CURDATE();

    -- Hanya insert jika belum ada data untuk tanggal hari ini
    INSERT INTO attendance 
(attendance_id,user_id_machine,check_in,check_out,check_in2,check_out2,type,ijin_info,description)
    SELECT 
uuid(), e.user_id_machine, CONCAT(today_date, ' 00:00:00'),CONCAT(today_date, ' 00:00:00'),
null,null,'','',''
    FROM 
        employee e
    WHERE NOT EXISTS (
        SELECT 1 FROM attendance a
        WHERE DATE(a.check_in) = today_date
        AND a.user_id_machine = e.user_id_machine
    );
END$$

CREATE DEFINER=`root`@`localhost` PROCEDURE `procedure_skpd_insert_attendance` (IN `payroll` VARCHAR(8), IN `start_date` DATE, IN `end_date` DATE, IN `description` VARCHAR(255))   BEGIN
	DECLARE date_now DATE;
    
    SET date_now = start_date;
    
    WHILE date_now <= end_date DO
    	INSERT INTO attendance(attendance_id,user_id_machine,check_in,check_out,type,description) 
        SELECT UUID(), user_id_machine, date_now, date_now, "Dinas", description from employee where payroll = payroll;
            
        SET date_now = DATE_ADD(date_now, INTERVAL 1 DAY);
    END WHILE;
END$$

--
-- Functions
--
CREATE DEFINER=`root`@`localhost` FUNCTION `getHakCuti` (`start_date` DATE, `end_date` DATE) RETURNS INT(3) DETERMINISTIC NO SQL BEGIN
	#Routine body goes here...
	DECLARE thn int(3);
	DECLARE thn2 int(3);
	DECLARE m1 int(2);
	DECLARE m2 int(2);
	DECLARE y1 int(4);
	DECLARE y2 int(4);
	#DECLARE cuti_bersama SMALLINT(2);
	
	set m1=DATE_FORMAT(start_date,'%m');
	set m2=DATE_FORMAT(end_date,'%m');
	set y1=DATE_FORMAT(start_date,'%Y');
	set y2=DATE_FORMAT(end_date,'%Y');
	
	#SELECT count(*) into cuti_bersama from calendar WHERE type='Cuti Bersama' and date BETWEEN DATE(CONCAT(year(end_date),'-01-01')) AND end_date;
	
	set thn=y2-y1;
	If thn < 1 Then
    set thn2=0;
	ElseIf thn >= 1 And thn < 5 Then
		If thn = 1 Then
			If Month(start_date) > Month(end_date) Then
					set thn2=0;
			Else
					set thn2=12;
			End If;
		Else
				set thn2=12;
		End If;
	ElseIf thn = 5 Then
		If Month(start_date) > Month(end_date) Then
				set thn2=12;
		Else
				set thn2=18;
		End If;
	ElseIf mod(thn,5) = 0 Then
		If Month(start_date) > Month(end_date) Then
				set thn2=18;
		Else
				set thn2=24;
		End If;
	Else
			set thn2=18;
	End If;
	#RETURN thn2-cuti_bersama;
    RETURN thn2;
END$$

CREATE DEFINER=`root`@`localhost` FUNCTION `getNomorSKPD` () RETURNS VARCHAR(40) CHARSET utf8mb4 COLLATE utf8mb4_general_ci  BEGIN
	DECLARE lastID tinyint(4);
    DECLARE newID varchar(40);
    DECLARE pembatas varchar(1) DEFAULT '_';
	SELECT IFNULL(MAX(CAST(SUBSTRING_INDEX(SUBSTRING_INDEX(skpd_id, '${pembatas}', 1), '-', 1) AS unsigned)), 0) as id INTO lastID from SKPD where SUBSTRING_INDEX(SUBSTRING_INDEX(skpd_id, '${pembatas}', -1), '-', -1) = year(now());
    
    set newID = CONCAT(lastID + 1, "-SKPD_HR-GA_STM_", LPAD(MONTH(NOW()), 2, '0'),"-",year(now()));
    
    return newID;
END$$

CREATE DEFINER=`root`@`localhost` FUNCTION `GetStartOvertime` (`check_in` DATETIME, `check_out` DATETIME, `workhour` TINYINT, `startwork` TIME) RETURNS DATETIME  BEGIN
	DECLARE is_holiday TINYINT(1);
	
	SELECT COUNT(*) into is_holiday from calendar where date = DATE(check_in) AND type IN ('Hari Libur','Event Kantor') limit 1;
	
	IF (DAYNAME(check_in) IN ('Saturday','Sunday') AND workhour=8) OR (DAYNAME(check_in)='Sunday' AND workhour=7) OR is_holiday THEN
		IF time(check_in)>startwork THEN
			RETURN check_in;
		ELSE
			RETURN CONCAT(date(check_in),' ',startwork);
		END IF;
	ELSEIF DAYNAME(check_in)='Saturday' AND workhour=7 THEN
		BEGIN
			IF TIMESTAMPDIFF(HOUR,check_in,check_out)<=6 THEN
				RETURN DATE_ADD(check_in,INTERVAL 5 HOUR);
			ELSE
				RETURN DATE_ADD(check_in,INTERVAL 6 HOUR); #check out >=15:00:00
			END IF;
		END;
	ELSE
		#workday
		RETURN DATE_ADD(CONCAT(date(check_in),' ',startwork),INTERVAL workhour+1 HOUR);
		#start OT = 7:00 (startwork) + 7H (workhour) + 1H (break) = 15:00
		
	END IF;
END$$

CREATE DEFINER=`root`@`localhost` FUNCTION `RoundCheckOut` (`check_in` DATETIME, `check_out` DATETIME) RETURNS DATETIME  BEGIN
	
	DECLARE is_holiday TINYINT(1);
	DECLARE co_minute TINYINT(2);
	#DECLARE worktime TINYINT(2);
	
	set co_minute = MINUTE(check_out);
	
	
	select if(count(*)>0,1,0) into is_holiday from calendar where type IN ('Hari Libur','Event Kantor') and date=DATE_FORMAT(check_in,'%Y-%m-%d');
	
	if(DAYNAME(check_in)='Friday' and is_holiday and DATE_FORMAT(check_out,'%H:%i')>='11:00' and DATE_FORMAT(check_out,'%H:%i')<'13:00') THEN
		return STR_TO_DATE(concat(DATE_FORMAT(check_out,'%Y-%m-%d'),' 13:00:00'),'%Y-%m-%d %H:%i:%s');
	elseif co_minute>15 then
		RETURN DATE_ADD(check_out,INTERVAL (60-co_minute) MINUTE);
	ELSE
		RETURN check_out;
	end if;
	
END$$

DELIMITER ;

-- --------------------------------------------------------

--
-- Table structure for table `attendance`
--

CREATE TABLE `attendance` (
  `attendance_id` varchar(40) NOT NULL,
  `user_id_machine` varchar(6) DEFAULT NULL,
  `check_in` datetime NOT NULL,
  `check_out` datetime NOT NULL,
  `check_in2` datetime DEFAULT NULL,
  `check_out2` datetime DEFAULT NULL,
  `type` varchar(50) NOT NULL,
  `ijin_info` varchar(50) NOT NULL,
  `description` varchar(255) NOT NULL,
  `attachment` text NOT NULL,
  `createdBy` varchar(8) DEFAULT NULL,
  `createdAt` datetime NOT NULL DEFAULT current_timestamp()
) ENGINE=InnoDB DEFAULT CHARSET=utf8mb4 COLLATE=utf8mb4_unicode_ci;

--
-- Dumping data for table `attendance`
--

INSERT INTO `attendance` (`attendance_id`, `user_id_machine`, `check_in`, `check_out`, `check_in2`, `check_out2`, `type`, `ijin_info`, `description`, `attachment`, `createdBy`, `createdAt`) VALUES
('00603df3-27e4-11f0-acd8-80c5f2f97990', '801', '2025-05-03 00:00:00', '2025-05-03 00:00:00', NULL, NULL, 'Sakit', 'Sick', 'diare', '', '181124', '2025-05-03 14:01:00'),
('01cff88c-b9f0-454f-be45-3bc8725fea9e', '707', '2025-04-07 00:00:00', '2025-04-07 00:00:00', NULL, NULL, 'Sakit', '', '', '', '202207', '2025-04-17 15:43:29'),
('02c43f88-226d-11f0-acd8-80c5f2f97990', '803', '2025-04-02 00:00:00', '2025-04-02 00:00:00', NULL, NULL, 'Cuti Bersama', '', 'Tes', '', NULL, '2025-04-26 15:06:42'),
('02c44290-226d-11f0-acd8-80c5f2f97990', '803', '2025-04-18 00:00:00', '2025-04-18 00:00:00', NULL, NULL, 'Cuti Bersama', '', 'Cuti Bersama Paskah', '', NULL, '2025-04-26 15:06:42'),
('03d3548e-2d6d-11f0-ac46-0492263d7fc5', '124', '2000-10-05 00:00:00', '2000-10-05 00:00:00', NULL, NULL, 'Cuti Tahunan', '', 'Cuti Tahunan - test cuti', '', NULL, '2025-05-10 15:04:29'),
('08ef286f-f33a-4f5a-88e0-a460c1b9fee1', '707', '2025-05-22 08:00:00', '2025-05-22 17:00:00', NULL, NULL, 'HKM', '', 'tes', '08ef286f-f33a-4f5a-88e0-a460c1b9fee1.jpg', '181124', '2025-05-05 10:56:16'),
('0abd520c-617e-4327-b775-f8dd76fd9326', '707', '2025-05-20 08:00:00', '2025-05-20 18:03:00', NULL, NULL, 'HKM', 'Permit', 'tesdg', '', '291024', '2025-05-05 10:58:00'),
('1116f7b2-2d6d-11f0-ac46-0492263d7fc5', '124', '2000-05-15 00:00:00', '2000-05-15 00:00:00', NULL, NULL, 'Cuti Resmi', '', 'Cuti Resmi - test cuti', '', NULL, '2025-05-10 15:04:51'),
('1165fa6b-7132-4311-bc35-78762780fb1b', '803', '2025-05-10 08:00:00', '2025-05-10 17:00:00', NULL, NULL, 'HKM', '', 'lembur', '', '181124', '2025-05-06 15:42:15'),
('184e6b3a-d985-4da4-b0fd-a174c5559e32', '803', '2025-05-12 08:00:00', '2025-05-12 17:00:00', NULL, NULL, 'HKM', '', 'hadirrr', '', '181124', '2025-05-09 15:07:15'),
('1b58214e-b7a0-4035-82ec-7cf066833f1a', '707', '2025-04-09 08:00:00', '2025-04-09 17:00:00', NULL, NULL, 'HKM', '', 'HKM', '', '202207', '2025-04-17 15:43:29'),
('20344213-7570-48e0-a8db-79610a4156ec', '801', '2025-05-05 09:00:00', '2025-05-05 17:00:00', NULL, NULL, 'HKM', '', 'ban bocor', '', '181124', '2025-05-09 18:02:39'),
('23164d11-29ca-11f0-812e-80c5f2f97990', '024', '2025-05-06 00:00:00', '2025-05-06 00:00:00', NULL, NULL, '', '', '', '', NULL, '2025-05-06 00:01:00'),
('2316536f-29ca-11f0-812e-80c5f2f97990', '111', '2025-05-06 00:00:00', '2025-05-06 00:00:00', NULL, NULL, '', '', '', '', NULL, '2025-05-06 00:01:00'),
('23165aa3-29ca-11f0-812e-80c5f2f97990', '112', '2025-05-06 00:00:00', '2025-05-06 00:00:00', NULL, NULL, '', '', '', '', NULL, '2025-05-06 00:01:00'),
('23166013-29ca-11f0-812e-80c5f2f97990', '121', '2025-05-06 00:00:00', '2025-05-06 00:00:00', NULL, NULL, '', '', '', '', NULL, '2025-05-06 00:01:00'),
('2316652b-29ca-11f0-812e-80c5f2f97990', '124', '2025-05-06 00:00:00', '2025-05-06 00:00:00', NULL, NULL, '', '', '', '', NULL, '2025-05-06 00:01:00'),
('23166933-29ca-11f0-812e-80c5f2f97900', '229', '2025-05-05 07:28:27', '2025-05-05 18:33:36', NULL, NULL, 'HKC', '', '', '', NULL, '2025-05-06 00:01:00'),
('23166933-29ca-11f0-812e-80c5f2f97990', '229', '2025-05-06 07:47:16', '2025-05-06 18:05:13', NULL, NULL, 'HKC', '', '', '', NULL, '2025-05-06 00:01:00'),
('23166bbc-29ca-11f0-812e-80c5f2f97990', '707', '2025-05-06 17:12:30', '2025-05-06 00:00:00', NULL, NULL, 'HKC', '', '', '', NULL, '2025-05-06 00:01:00'),
('23166cad-29ca-11f0-812e-80c5f2f97990', '801', '2025-05-06 00:00:00', '2025-05-06 00:00:00', NULL, NULL, '', '', '', '', NULL, '2025-05-06 00:01:00'),
('23166e66-29ca-11f0-812e-80c5f2f97990', '803', '2025-05-06 00:00:00', '2025-05-06 00:00:00', NULL, NULL, '', '', '', '', NULL, '2025-05-06 00:01:00'),
('23166ffe-29ca-11f0-812e-80c5f2f97990', '826', '2025-05-06 00:00:00', '2025-05-06 00:00:00', NULL, NULL, '', '', '', '', NULL, '2025-05-06 00:01:00'),
('266bfd60-205c-11f0-acd8-80c5f2f97990', '121', '2025-04-24 00:00:00', '2025-04-24 00:00:00', NULL, NULL, 'HKM', '', '', '', NULL, '2025-04-24 00:01:00'),
('266bfea0-205c-11f0-acd8-80c5f2f97990', '112', '2025-04-24 00:00:00', '2025-04-24 00:00:00', NULL, NULL, 'HKM', '', '', '', NULL, '2025-04-24 00:01:00'),
('266bff63-205c-11f0-acd8-80c5f2f97990', '229', '2025-04-24 08:03:00', '2025-04-24 18:40:00', NULL, NULL, 'HKC', '', '', '', NULL, '2025-04-24 00:01:00'),
('2707dea5-2513-11f0-acd8-80c5f2f97990', '024', '2025-04-30 00:00:00', '2025-04-30 00:00:00', NULL, NULL, '', '', '', '', NULL, '2025-04-30 00:01:00'),
('2707dfed-2513-11f0-acd8-80c5f2f97990', '111', '2025-04-30 00:00:00', '2025-04-30 00:00:00', NULL, NULL, '', '', '', '', NULL, '2025-04-30 00:01:00'),
('2707e140-2513-11f0-acd8-80c5f2f97990', '112', '2025-04-30 00:00:00', '2025-04-30 00:00:00', NULL, NULL, '', '', '', '', NULL, '2025-04-30 00:01:00'),
('2707e259-2513-11f0-acd8-80c5f2f97990', '121', '2025-04-30 00:00:00', '2025-04-30 00:00:00', NULL, NULL, '', '', '', '', NULL, '2025-04-30 00:01:00'),
('2707e34b-2513-11f0-acd8-80c5f2f97990', '124', '2025-04-30 00:00:00', '2025-04-30 00:00:00', NULL, NULL, '', '', '', '', NULL, '2025-04-30 00:01:00'),
('2707e464-2513-11f0-acd8-80c5f2f97990', '229', '2025-04-30 00:00:00', '2025-04-30 00:00:00', NULL, NULL, 'HKC', '', '', '', NULL, '2025-04-30 00:01:00'),
('2707e67c-2513-11f0-acd8-80c5f2f97990', '803', '2025-04-30 08:00:00', '2025-04-30 17:00:00', NULL, NULL, 'HKM', '', '', '', '181124', '2025-04-30 00:01:00'),
('2707e76a-2513-11f0-acd8-80c5f2f97990', '826', '2025-04-30 00:00:00', '2025-04-30 00:00:00', NULL, NULL, '', '', '', '', NULL, '2025-04-30 00:01:00'),
('2bec6669-2ca2-11f0-a3d1-0492263d7fc5', '803', '2025-05-29 00:00:00', '2025-05-29 00:00:00', NULL, NULL, 'Cuti Resmi', '', 'Cuti Hamil & Melahirkan - Mau hamil', '', NULL, '2025-05-09 14:52:26'),
('2d052ae9-2ca2-11f0-a3d1-0492263d7fc5', '803', '2025-06-26 00:00:00', '2025-06-26 00:00:00', NULL, NULL, 'Cuti Resmi', '', 'Cuti Hamil & Melahirkan - Mau hamil', '', NULL, '2025-05-09 14:52:28'),
('33122ca1-2bda-11f0-a3d1-0492263d7fc5', '229', '2025-05-08 07:36:03', '2025-05-08 16:57:22', NULL, NULL, 'HKC', '', '', '', NULL, '2025-05-08 15:01:00'),
('335d9214-226d-11f0-acd8-80c5f2f97990', '124', '2025-04-02 00:00:00', '2025-04-02 00:00:00', NULL, NULL, 'Cuti Bersama', '', 'Tes', '', NULL, '2025-04-26 15:08:04'),
('335e0ce2-226d-11f0-acd8-80c5f2f97990', '124', '2025-04-18 00:00:00', '2025-04-18 00:00:00', NULL, NULL, 'Cuti Bersama', '', 'Cuti Bersama Paskah', '', NULL, '2025-04-26 15:08:04'),
('3399313d-bfb1-407f-ab5e-171ba950345c', '707', '2025-04-08 00:00:00', '2025-04-08 00:00:00', NULL, NULL, 'Sakit', '', '', '', '202207', '2025-04-17 15:43:29'),
('3d432474-35c6-4ce6-a7ca-686083c31064', '707', '2025-04-14 08:00:00', '2025-04-14 19:00:00', NULL, NULL, 'HKM', '', '', '', '202207', '2025-04-21 17:01:47'),
('471f916f-dda8-457e-b1a9-180b21bab207', '707', '2025-04-04 08:00:00', '2025-04-04 17:00:00', NULL, NULL, 'HKM', '', '', '', '214505', '2025-04-18 08:53:41'),
('49a770dd-2ca1-11f0-a3d1-0492263d7fc5', '803', '2025-05-26 00:00:00', '2025-05-26 00:00:00', NULL, NULL, 'Ijin Resmi', '', 'Pernikahan - Mau Kawin Lagi', '', NULL, '2025-05-09 14:46:07'),
('4b5870e7-2ca1-11f0-a3d1-0492263d7fc5', '803', '2025-06-10 00:00:00', '2025-06-10 00:00:00', NULL, NULL, 'Ijin Resmi', '', 'Pernikahan - Mau Kawin Lagi', '', NULL, '2025-05-09 14:46:10'),
('4d8f91e9-2a93-11f0-a3d1-0492263d7fc5', '024', '2025-05-07 00:00:00', '2025-05-07 00:00:00', NULL, NULL, '', '', '', '', NULL, '2025-05-07 00:01:00'),
('4d8f9fd9-2a93-11f0-a3d1-0492263d7fc5', '111', '2025-05-07 00:00:00', '2025-05-07 00:00:00', NULL, NULL, '', '', '', '', NULL, '2025-05-07 00:01:00'),
('4d8fa660-2a93-11f0-a3d1-0492263d7fc5', '112', '2025-05-07 00:00:00', '2025-05-07 00:00:00', NULL, NULL, '', '', '', '', NULL, '2025-05-07 00:01:00'),
('4d8faab8-2a93-11f0-a3d1-0492263d7fc5', '121', '2025-05-07 00:00:00', '2025-05-07 00:00:00', NULL, NULL, '', '', '', '', NULL, '2025-05-07 00:01:00'),
('4d8fae5f-2a93-11f0-a3d1-0492263d7fc5', '124', '2025-05-07 00:00:00', '2025-05-07 00:00:00', NULL, NULL, '', '', '', '', NULL, '2025-05-07 00:01:00'),
('4d8fb269-2a93-11f0-a3d1-0492263d7fc5', '229', '2025-05-07 07:35:36', '2025-05-07 19:10:01', NULL, NULL, 'HKC', '', '', '', NULL, '2025-05-07 00:01:00'),
('4d8fb71b-2a93-11f0-a3d1-0492263d7fc5', '707', '2025-05-07 00:00:00', '2025-05-07 00:00:00', NULL, NULL, '', '', '', '', NULL, '2025-05-07 00:01:00'),
('4d8fb80b-2a93-11f0-a3d1-0492263d7fc5', '801', '2025-05-07 00:00:00', '2025-05-07 00:00:00', NULL, NULL, '', '', '', '', NULL, '2025-05-07 00:01:00'),
('4d8fbca7-2a93-11f0-a3d1-0492263d7fc5', '826', '2025-05-07 00:00:00', '2025-05-07 00:00:00', NULL, NULL, '', '', '', '', NULL, '2025-05-07 00:01:00'),
('512ce5d9-2125-11f0-acd8-80c5f2f97990', '121', '2025-04-25 00:00:00', '2025-04-25 00:00:00', NULL, NULL, '', '', '', '', NULL, '2025-04-25 00:01:00'),
('512ce6b3-2125-11f0-acd8-80c5f2f97990', '112', '2025-04-25 00:00:00', '2025-04-25 00:00:00', NULL, NULL, '', '', '', '', NULL, '2025-04-25 00:01:00'),
('512ce72e-2125-11f0-acd8-80c5f2f97990', '229', '2025-04-25 00:00:00', '2025-04-25 00:00:00', NULL, NULL, '', '', '', '', NULL, '2025-04-25 00:01:00'),
('51d6ea90-25dc-11f0-acd8-80c5f2f97990', '024', '2025-05-01 00:00:00', '2025-05-01 00:00:00', NULL, NULL, '', '', '', '', NULL, '2025-05-01 00:01:00'),
('51d6ecb8-25dc-11f0-acd8-80c5f2f97990', '111', '2025-05-01 00:00:00', '2025-05-01 00:00:00', NULL, NULL, '', '', '', '', NULL, '2025-05-01 00:01:00'),
('51d6ef36-25dc-11f0-acd8-80c5f2f97990', '112', '2025-05-01 00:00:00', '2025-05-01 00:00:00', NULL, NULL, '', '', '', '', NULL, '2025-05-01 00:01:00'),
('51d6f189-25dc-11f0-acd8-80c5f2f97990', '121', '2025-05-01 00:00:00', '2025-05-01 00:00:00', NULL, NULL, '', '', '', '', NULL, '2025-05-01 00:01:00'),
('51d6f280-25dc-11f0-acd8-80c5f2f97990', '124', '2025-05-01 00:00:00', '2025-05-01 00:00:00', NULL, NULL, '', '', '', '', NULL, '2025-05-01 00:01:00'),
('51d6f351-25dc-11f0-acd8-80c5f2f97990', '229', '2025-05-01 08:24:51', '2025-05-01 17:14:59', NULL, NULL, 'HKC', '', '', '', NULL, '2025-05-01 00:01:00'),
('51d6f481-25dc-11f0-acd8-80c5f2f97990', '707', '2025-05-01 08:00:00', '2025-05-01 17:08:00', NULL, NULL, 'HKM', '', '', '51d6f481-25dc-11f0-acd8-80c5f2f97990.jpg', '181124', '2025-05-01 00:01:00'),
('51d6f53a-25dc-11f0-acd8-80c5f2f97990', '803', '2025-05-01 00:00:00', '2025-05-01 00:00:00', NULL, NULL, '', '', '', '', NULL, '2025-05-01 00:01:00'),
('51d6f5e0-25dc-11f0-acd8-80c5f2f97990', '826', '2025-05-01 00:00:00', '2025-05-01 00:00:00', NULL, NULL, '', '', '', '', NULL, '2025-05-01 00:01:00'),
('530e5c29-2ca9-11f0-a3d1-0492263d7fc5', '001', '2025-04-02 00:00:00', '2025-04-02 00:00:00', NULL, NULL, 'Cuti Bersama', '', 'Tes', '', NULL, '2025-05-09 15:43:38'),
('530eebb6-2ca9-11f0-a3d1-0492263d7fc5', '001', '2025-04-18 00:00:00', '2025-04-18 00:00:00', NULL, NULL, 'Cuti Bersama', '', 'Cuti Bersama Paskah', '', NULL, '2025-05-09 15:43:38'),
('569789d9-2fcb-11f0-b5b1-0492263d7fc5', '707', '2025-05-20 00:00:00', '2025-05-20 00:00:00', NULL, NULL, 'Dinas', '', 'Time attendance', '', NULL, '2025-05-13 15:24:41'),
('56987231-2fcb-11f0-b5b1-0492263d7fc5', '707', '2025-05-21 00:00:00', '2025-05-21 00:00:00', NULL, NULL, 'Dinas', '', 'Time attendance', '', NULL, '2025-05-13 15:24:41'),
('56987d33-2fcb-11f0-b5b1-0492263d7fc5', '707', '2025-05-22 00:00:00', '2025-05-22 00:00:00', NULL, NULL, 'Dinas', '', 'Time attendance', '', NULL, '2025-05-13 15:24:41'),
('5c08ed9f-312c-11f0-aaa2-80c5f2f97990', '707', '2025-05-27 00:00:00', '2025-05-27 00:00:00', NULL, NULL, 'Cuti Tahunan', '', 'Cuti Tahunan - testes', '', NULL, '2025-05-15 09:31:43'),
('60322275-2fd8-11f0-b5b1-0492263d7fc5', '124', '2000-10-05 00:00:00', '2000-10-05 00:00:00', NULL, NULL, 'Cuti Tahunan', '', 'Cuti Tahunan - test cuti', '', NULL, '2025-05-13 16:58:00'),
('61decb17-2fd8-11f0-b5b1-0492263d7fc5', '124', '2000-05-15 00:00:00', '2000-05-15 00:00:00', NULL, NULL, 'Cuti Resmi', '', 'Cuti Resmi - test cuti', '', NULL, '2025-05-13 16:58:03'),
('63a89fc2-2fd8-11f0-b5b1-0492263d7fc5', '803', '2025-05-19 00:00:00', '2025-05-19 00:00:00', NULL, NULL, 'Cuti Tahunan', '', 'Cuti Tahunan - Acara Keluarga', '', NULL, '2025-05-13 16:58:06'),
('653f9d76-2fd8-11f0-b5b1-0492263d7fc5', '803', '2025-06-26 00:00:00', '2025-06-26 00:00:00', NULL, NULL, 'Cuti Resmi', '', 'Cuti Resmi - Mau hamil', '', NULL, '2025-05-13 16:58:09'),
('66c78e23-2fd8-11f0-b5b1-0492263d7fc5', '803', '2025-05-20 00:00:00', '2025-05-20 00:00:00', NULL, NULL, 'Cuti Tahunan', '', 'Cuti Tahunan - Acara Keluarga', '', NULL, '2025-05-13 16:58:11'),
('6aa43b79-2a40-11f0-a3d1-0492263d7fc5', '803', '2025-05-26 00:00:00', '2025-05-26 00:00:00', NULL, NULL, 'Dinas', '', 'Test SPPD, Project PMS', '', NULL, '2025-05-06 14:07:40'),
('6aabba40-2a40-11f0-a3d1-0492263d7fc5', '803', '2025-05-27 00:00:00', '2025-05-27 00:00:00', NULL, NULL, 'Dinas', '', 'Test SPPD, Project PMS', '', NULL, '2025-05-06 14:07:40'),
('6aabe20a-2a40-11f0-a3d1-0492263d7fc5', '803', '2025-05-28 00:00:00', '2025-05-28 00:00:00', NULL, NULL, 'Dinas', '', 'Test SPPD, Project PMS', '', NULL, '2025-05-06 14:07:40'),
('6aac07de-2a40-11f0-a3d1-0492263d7fc5', '803', '2025-05-29 00:00:00', '2025-05-29 00:00:00', NULL, NULL, 'Dinas', '', 'Test SPPD, Project PMS', '', NULL, '2025-05-06 14:07:40'),
('6aac2d96-2a40-11f0-a3d1-0492263d7fc5', '803', '2025-05-30 00:00:00', '2025-05-30 00:00:00', NULL, NULL, 'Dinas', '', 'Test SPPD, Project PMS', '', NULL, '2025-05-06 14:07:40'),
('6aac5309-2a40-11f0-a3d1-0492263d7fc5', '803', '2025-05-31 00:00:00', '2025-05-31 00:00:00', NULL, NULL, 'Dinas', '', 'Test SPPD, Project PMS', '', NULL, '2025-05-06 14:07:40'),
('6aac7efe-2a40-11f0-a3d1-0492263d7fc5', '803', '2025-06-01 00:00:00', '2025-06-01 00:00:00', NULL, NULL, 'Dinas', '', 'Test SPPD, Project PMS', '', NULL, '2025-05-06 14:07:40'),
('6aaca534-2a40-11f0-a3d1-0492263d7fc5', '803', '2025-06-02 00:00:00', '2025-06-02 00:00:00', NULL, NULL, 'Dinas', '', 'Test SPPD, Project PMS', '', NULL, '2025-05-06 14:07:40'),
('6aacca43-2a40-11f0-a3d1-0492263d7fc5', '826', '2025-05-26 00:00:00', '2025-05-26 00:00:00', NULL, NULL, 'Dinas', '', 'Test SPPD, Project PMS', '', NULL, '2025-05-06 14:07:40'),
('6aacef08-2a40-11f0-a3d1-0492263d7fc5', '826', '2025-05-27 00:00:00', '2025-05-27 00:00:00', NULL, NULL, 'Dinas', '', 'Test SPPD, Project PMS', '', NULL, '2025-05-06 14:07:40'),
('6aad13c5-2a40-11f0-a3d1-0492263d7fc5', '826', '2025-05-28 00:00:00', '2025-05-28 00:00:00', NULL, NULL, 'Dinas', '', 'Test SPPD, Project PMS', '', NULL, '2025-05-06 14:07:40'),
('6aad3993-2a40-11f0-a3d1-0492263d7fc5', '826', '2025-05-29 00:00:00', '2025-05-29 00:00:00', NULL, NULL, 'Dinas', '', 'Test SPPD, Project PMS', '', NULL, '2025-05-06 14:07:40'),
('6aad5fa0-2a40-11f0-a3d1-0492263d7fc5', '826', '2025-05-30 00:00:00', '2025-05-30 00:00:00', NULL, NULL, 'Dinas', '', 'Test SPPD, Project PMS', '', NULL, '2025-05-06 14:07:40'),
('6aad8581-2a40-11f0-a3d1-0492263d7fc5', '826', '2025-05-31 00:00:00', '2025-05-31 00:00:00', NULL, NULL, 'Dinas', '', 'Test SPPD, Project PMS', '', NULL, '2025-05-06 14:07:40'),
('6aadaafc-2a40-11f0-a3d1-0492263d7fc5', '826', '2025-06-01 00:00:00', '2025-06-01 00:00:00', NULL, NULL, 'Dinas', '', 'Test SPPD, Project PMS', '', NULL, '2025-05-06 14:07:40'),
('6aade857-2a40-11f0-a3d1-0492263d7fc5', '826', '2025-06-02 00:00:00', '2025-06-02 00:00:00', NULL, NULL, 'Dinas', '', 'Test SPPD, Project PMS', '', NULL, '2025-05-06 14:07:40'),
('6cea3df9-2fd8-11f0-b5b1-0492263d7fc5', '803', '2025-05-29 00:00:00', '2025-05-29 00:00:00', NULL, NULL, 'Cuti Resmi', '', 'Cuti Resmi - Mau hamil', '', NULL, '2025-05-13 16:58:22'),
('6d42bd38-3080-11f0-b40a-80c5f2f97990', '000', '2025-05-14 00:00:00', '2025-05-14 00:00:00', NULL, NULL, '', '', '', '', NULL, '2025-05-14 13:01:00'),
('705d6dec-2a3f-11f0-a3d1-0492263d7fc5', '803', '2025-05-19 00:00:00', '2025-05-19 00:00:00', NULL, NULL, 'Cuti Resmi', '', 'Cuti Tahunan - Acara Keluarga', '', NULL, '2025-05-06 14:00:40'),
('718d836f-227e-11f0-acd8-80c5f2f97990', '111', '2025-04-02 00:00:00', '2025-04-02 00:00:00', NULL, NULL, 'Cuti Bersama', '', 'Tes', '', NULL, '2025-04-26 17:11:29'),
('718d8b5b-227e-11f0-acd8-80c5f2f97990', '111', '2025-04-18 00:00:00', '2025-04-18 00:00:00', NULL, NULL, 'Cuti Bersama', '', 'Cuti Bersama Paskah', '', NULL, '2025-04-26 17:11:29'),
('785178a7-2b5c-11f0-a3d1-0492263d7fc5', '024', '2025-05-08 00:00:00', '2025-05-08 00:00:00', NULL, NULL, '', '', '', '', NULL, '2025-05-08 00:01:00'),
('78517f21-2b5c-11f0-a3d1-0492263d7fc5', '111', '2025-05-08 00:00:00', '2025-05-08 00:00:00', NULL, NULL, '', '', '', '', NULL, '2025-05-08 00:01:00'),
('7851863e-2b5c-11f0-a3d1-0492263d7fc5', '112', '2025-05-08 00:00:00', '2025-05-08 00:00:00', NULL, NULL, '', '', '', '', NULL, '2025-05-08 00:01:00'),
('78518c9d-2b5c-11f0-a3d1-0492263d7fc5', '121', '2025-05-08 00:00:00', '2025-05-08 00:00:00', NULL, NULL, '', '', '', '', NULL, '2025-05-08 00:01:00'),
('78519313-2b5c-11f0-a3d1-0492263d7fc5', '124', '2025-05-08 00:00:00', '2025-05-08 00:00:00', NULL, NULL, '', '', '', '', NULL, '2025-05-08 00:01:00'),
('7851999c-2b5c-11f0-a3d1-0592263d7fc6', '229', '2025-05-09 07:41:02', '2025-05-09 17:10:44', NULL, NULL, 'HKC', '', '', '', NULL, '2025-05-09 00:01:00'),
('7851a268-2b5c-11f0-a3d1-0492263d7fc5', '707', '2025-05-08 00:00:00', '2025-05-08 00:00:00', NULL, NULL, '', '', '', '', NULL, '2025-05-08 00:01:00'),
('7851a60a-2b5c-11f0-a3d1-0492263d7fc5', '801', '2025-05-08 00:00:00', '2025-05-08 00:00:00', NULL, NULL, '', '', '', '', NULL, '2025-05-08 00:01:00'),
('7851b210-2b5c-11f0-a3d1-0492263d7fc5', '803', '2025-05-08 00:00:00', '2025-05-08 00:00:00', NULL, NULL, '', '', '', '', NULL, '2025-05-08 00:01:00'),
('7851baeb-2b5c-11f0-a3d1-0492263d7fc5', '826', '2025-05-08 00:00:00', '2025-05-08 00:00:00', NULL, NULL, '', '', '', '', NULL, '2025-05-08 00:01:00'),
('7befb511-21ee-11f0-acd8-80c5f2f97990', '121', '2025-04-26 00:00:00', '2025-04-26 00:00:00', NULL, NULL, '', '', '', '', NULL, '2025-04-26 00:01:00'),
('7befb789-21ee-11f0-acd8-80c5f2f97990', '112', '2025-04-26 00:00:00', '2025-04-26 00:00:00', NULL, NULL, '', '', '', '', NULL, '2025-04-26 00:01:00'),
('7befb8bc-21ee-11f0-acd8-80c5f2f97990', '229', '2025-04-26 00:00:00', '2025-04-26 00:00:00', NULL, NULL, '', '', '', '', NULL, '2025-04-26 00:01:00'),
('7befb9d1-21ee-11f0-acd8-80c5f2f97990', '707', '2025-04-26 08:00:00', '2025-04-26 17:00:00', NULL, NULL, 'HKM', 'Permit', 'tes, mantap', '7befb9d1-21ee-11f0-acd8-80c5f2f97990.jpg', '214505', '2025-04-26 00:01:00'),
('7c9c2f8f-26a5-11f0-acd8-80c5f2f97990', '024', '2025-05-02 00:00:00', '2025-05-02 00:00:00', NULL, NULL, '', '', '', '', NULL, '2025-05-02 00:01:00'),
('7c9c31a6-26a5-11f0-acd8-80c5f2f97990', '111', '2025-05-02 00:00:00', '2025-05-02 00:00:00', NULL, NULL, '', '', '', '', NULL, '2025-05-02 00:01:00'),
('7c9c33e4-26a5-11f0-acd8-80c5f2f97990', '112', '2025-05-02 08:00:00', '2025-05-02 19:00:00', NULL, NULL, 'HKM', '', '', '', '291024', '2025-05-02 00:01:00'),
('7c9c3627-26a5-11f0-acd8-80c5f2f97990', '121', '2025-05-02 00:00:00', '2025-05-02 00:00:00', NULL, NULL, '', '', '', '', NULL, '2025-05-02 00:01:00'),
('7c9c37ab-26a5-11f0-acd8-80c5f2f97990', '124', '2025-05-02 00:00:00', '2025-05-02 00:00:00', NULL, NULL, '', '', '', '', NULL, '2025-05-02 00:01:00'),
('7c9c3944-26a5-11f0-acd8-80c5f2f97990', '229', '2025-05-02 07:54:45', '2025-05-02 17:10:07', '2025-05-02 18:11:32', '2025-05-03 07:38:26', 'HKC', '', '', '', NULL, '2025-05-02 00:01:00'),
('7c9c3cf3-26a5-11f0-acd8-80c5f2f97990', '707', '2025-05-02 09:00:00', '2025-05-02 18:25:00', NULL, NULL, 'HKM', '', 'tes absen HKM!', '7c9c3cf3-26a5-11f0-acd8-80c5f2f97990.jpg', '181124', '2025-05-02 00:01:00'),
('7c9c3f15-26a5-11f0-acd8-80c5f2f97990', '803', '2025-05-02 00:00:00', '2025-05-02 00:00:00', NULL, NULL, '', '', '', '', NULL, '2025-05-02 00:01:00'),
('7c9c40b2-26a5-11f0-acd8-80c5f2f97990', '826', '2025-05-02 00:00:00', '2025-05-02 00:00:00', NULL, NULL, '', '', '', '', NULL, '2025-05-02 00:01:00'),
('84b30a8a-3056-11f0-b40a-80c5f2f97990', '001', '2025-05-14 00:00:00', '2025-05-14 00:00:00', NULL, NULL, '', '', '', '', NULL, '2025-05-14 08:01:00'),
('84b31042-3056-11f0-b40a-80c5f2f97990', '024', '2025-05-14 00:00:00', '2025-05-14 00:00:00', NULL, NULL, '', '', '', '', NULL, '2025-05-14 08:01:00'),
('84b3171e-3056-11f0-b40a-80c5f2f97990', '111', '2025-05-14 00:00:00', '2025-05-14 00:00:00', NULL, NULL, '', '', '', '', NULL, '2025-05-14 08:01:00'),
('84b321a0-3056-11f0-b40a-80c5f2f97990', '112', '2025-05-14 00:00:00', '2025-05-14 00:00:00', NULL, NULL, '', '', '', '', NULL, '2025-05-14 08:01:00'),
('84b32b7f-3056-11f0-b40a-80c5f2f97990', '121', '2025-05-14 00:00:00', '2025-05-14 00:00:00', NULL, NULL, '', '', '', '', NULL, '2025-05-14 08:01:00'),
('84b3365d-3056-11f0-b40a-80c5f2f97990', '124', '2025-05-14 00:00:00', '2025-05-14 00:00:00', NULL, NULL, '', '', '', '', NULL, '2025-05-14 08:01:00'),
('84b3443a-3056-11f0-b40a-80c5f2f97990', '229', '2025-05-14 00:00:00', '2025-05-14 00:00:00', NULL, NULL, '', '', '', '', NULL, '2025-05-14 08:01:00'),
('84b34e14-3056-11f0-b40a-80c5f2f97990', '707', '2025-05-14 00:00:00', '2025-05-14 00:00:00', NULL, NULL, '', '', '', '', NULL, '2025-05-14 08:01:00'),
('84b35009-3056-11f0-b40a-80c5f2f97990', '801', '2025-05-14 00:00:00', '2025-05-14 00:00:00', NULL, NULL, '', '', '', '', NULL, '2025-05-14 08:01:00'),
('84b35953-3056-11f0-b40a-80c5f2f97990', '803', '2025-05-14 00:00:00', '2025-05-14 00:00:00', NULL, NULL, '', '', '', '', NULL, '2025-05-14 08:01:00'),
('84b363f6-3056-11f0-b40a-80c5f2f97990', '826', '2025-05-14 00:00:00', '2025-05-14 00:00:00', NULL, NULL, '', '', '', '', NULL, '2025-05-14 08:01:00'),
('88388b8c-951a-49df-9da5-6d9cbbded135', '707', '2025-04-03 00:00:00', '2025-04-03 00:00:00', NULL, NULL, 'Sakit', '', '', '', '202207', '2025-04-17 15:43:29'),
('8a6eadff-ef26-4403-bd7d-b1a769b24321', '707', '2025-05-19 08:02:00', '2025-05-19 18:00:00', NULL, NULL, 'HKM', '', '', '', '181124', '2025-05-05 11:21:04'),
('8b2c57e7-2a3a-11f0-a3d1-0492263d7fc5', '803', '2025-05-07 00:00:00', '2025-05-07 00:00:00', NULL, NULL, 'Ijin Resmi', '', 'Kelahiran Anak - Test izin', '', NULL, '2025-05-06 13:25:38'),
('8e4bff37-226c-11f0-acd8-80c5f2f97990', '024', '2025-04-02 00:00:00', '2025-04-02 00:00:00', NULL, NULL, 'Cuti Bersama', '', 'Tes', '', NULL, '2025-04-26 15:03:27'),
('8e4c525e-226c-11f0-acd8-80c5f2f97990', '024', '2025-04-18 00:00:00', '2025-04-18 00:00:00', NULL, NULL, 'Cuti Bersama', '', 'Cuti Bersama Paskah', '', NULL, '2025-04-26 15:03:27'),
('94d1364a-226e-11f0-acd8-80c5f2f97990', '024', '2025-04-26 00:00:00', '2025-04-26 00:00:00', NULL, NULL, '', '', '', '', NULL, '2025-04-26 15:17:57'),
('94d137a3-226e-11f0-acd8-80c5f2f97990', '124', '2025-04-26 00:00:00', '2025-04-26 00:00:00', NULL, NULL, '', '', '', '', NULL, '2025-04-26 15:17:57'),
('94d13919-226e-11f0-acd8-80c5f2f97990', '803', '2025-04-26 08:00:00', '2025-04-26 12:00:00', NULL, NULL, 'HKM', '', 'mantap, tes', '94d13919-226e-11f0-acd8-80c5f2f97990.jpg', '181124', '2025-04-26 15:17:57'),
('94d1397f-226e-11f0-acd8-80c5f2f97990', '826', '2025-04-26 00:00:00', '2025-04-26 00:00:00', NULL, NULL, '', '', '', '', NULL, '2025-04-26 15:17:57'),
('94fcb6da-2cba-11f0-a3d1-0492263d7fc5', '024', '2025-05-19 00:00:00', '2025-05-19 00:00:00', NULL, NULL, 'Dinas', '', 'pemasangan alat', '', NULL, '2025-05-09 17:47:10'),
('94fd54bd-2cba-11f0-a3d1-0492263d7fc5', '024', '2025-05-20 00:00:00', '2025-05-20 00:00:00', NULL, NULL, 'Dinas', '', 'pemasangan alat', '', NULL, '2025-05-09 17:47:10'),
('94fd6a6f-2cba-11f0-a3d1-0492263d7fc5', '024', '2025-05-21 00:00:00', '2025-05-21 00:00:00', NULL, NULL, 'Dinas', '', 'pemasangan alat', '', NULL, '2025-05-09 17:47:10'),
('94fdd4c7-2cba-11f0-a3d1-0492263d7fc5', '024', '2025-05-22 00:00:00', '2025-05-22 00:00:00', NULL, NULL, 'Dinas', '', 'pemasangan alat', '', NULL, '2025-05-09 17:47:10'),
('94fde02f-2cba-11f0-a3d1-0492263d7fc5', '024', '2025-05-23 00:00:00', '2025-05-23 00:00:00', NULL, NULL, 'Dinas', '', 'pemasangan alat', '', NULL, '2025-05-09 17:47:10'),
('a032725f-307f-11f0-b40a-80c5f2f97990', '000', '2025-04-02 00:00:00', '2025-04-02 00:00:00', NULL, NULL, 'Cuti Bersama', '', 'Tes', '', NULL, '2025-05-14 12:55:15'),
('a032da6d-307f-11f0-b40a-80c5f2f97990', '000', '2025-04-18 00:00:00', '2025-04-18 00:00:00', NULL, NULL, 'Cuti Bersama', '', 'Cuti Bersama Paskah', '', NULL, '2025-05-14 12:55:15'),
('a0da10f9-30dc-11f0-b40a-80c5f2f97990', '000', '2025-05-15 00:00:00', '2025-05-15 00:00:00', NULL, NULL, '', '', '', '', NULL, '2025-05-15 00:01:00'),
('a0da13e8-30dc-11f0-b40a-80c5f2f97990', '001', '2025-05-15 00:00:00', '2025-05-15 00:00:00', NULL, NULL, '', '', '', '', NULL, '2025-05-15 00:01:00'),
('a0da1a43-30dc-11f0-b40a-80c5f2f97990', '024', '2025-05-15 00:00:00', '2025-05-15 00:00:00', NULL, NULL, '', '', '', '', NULL, '2025-05-15 00:01:00'),
('a0da1fc8-30dc-11f0-b40a-80c5f2f97990', '111', '2025-05-15 00:00:00', '2025-05-15 00:00:00', NULL, NULL, '', '', '', '', NULL, '2025-05-15 00:01:00'),
('a0da257f-30dc-11f0-b40a-80c5f2f97990', '112', '2025-05-15 00:00:00', '2025-05-15 00:00:00', NULL, NULL, '', '', '', '', NULL, '2025-05-15 00:01:00'),
('a0da2bfe-30dc-11f0-b40a-80c5f2f97990', '121', '2025-05-15 00:00:00', '2025-05-15 00:00:00', NULL, NULL, '', '', '', '', NULL, '2025-05-15 00:01:00'),
('a0da31ad-30dc-11f0-b40a-80c5f2f97990', '124', '2025-05-15 00:00:00', '2025-05-15 00:00:00', NULL, NULL, '', '', '', '', NULL, '2025-05-15 00:01:00'),
('a0da382b-30dc-11f0-b40a-80c5f2f97990', '229', '2025-05-15 00:00:00', '2025-05-15 00:00:00', NULL, NULL, '', '', '', '', NULL, '2025-05-15 00:01:00'),
('a0da3f50-30dc-11f0-b40a-80c5f2f97990', '707', '2025-05-15 08:00:00', '2025-05-15 18:00:00', NULL, NULL, 'HKM', '', '', '', '291024', '2025-05-15 00:01:00'),
('a0da42d2-30dc-11f0-b40a-80c5f2f97990', '801', '2025-05-15 00:00:00', '2025-05-15 00:00:00', NULL, NULL, '', '', '', '', NULL, '2025-05-15 00:01:00'),
('a0da4bba-30dc-11f0-b40a-80c5f2f97990', '803', '2025-05-15 00:00:00', '2025-05-15 00:00:00', NULL, NULL, '', '', '', '', NULL, '2025-05-15 00:01:00'),
('a0da5357-30dc-11f0-b40a-80c5f2f97990', '826', '2025-05-15 00:00:00', '2025-05-15 00:00:00', NULL, NULL, '', '', '', '', NULL, '2025-05-15 00:01:00'),
('a31813a9-2c25-11f0-a3d1-0492263d7fc5', '024', '2025-05-09 00:00:00', '2025-05-09 00:00:00', NULL, NULL, '', '', '', '', NULL, '2025-05-09 00:01:00'),
('a318163f-2c25-11f0-a3d1-0492263d7fc5', '111', '2025-05-09 00:00:00', '2025-05-09 00:00:00', NULL, NULL, '', '', '', '', NULL, '2025-05-09 00:01:00'),
('a31817b2-2c25-11f0-a3d1-0492263d7fc5', '112', '2025-05-09 00:00:00', '2025-05-09 00:00:00', NULL, NULL, '', '', '', '', NULL, '2025-05-09 00:01:00'),
('a3181911-2c25-11f0-a3d1-0492263d7fc5', '121', '2025-05-09 00:00:00', '2025-05-09 00:00:00', NULL, NULL, '', '', '', '', NULL, '2025-05-09 00:01:00'),
('a3181a48-2c25-11f0-a3d1-0492263d7fc5', '124', '2025-05-09 00:00:00', '2025-05-09 00:00:00', NULL, NULL, '', '', '', '', NULL, '2025-05-09 00:01:00'),
('a3181cb5-2c25-11f0-a3d1-0492263d7fc5', '707', '2025-05-09 00:00:00', '2025-05-09 00:00:00', NULL, NULL, '', '', '', '', NULL, '2025-05-09 00:01:00'),
('a3181d6a-2c25-11f0-a3d1-0492263d7fc5', '801', '2025-05-09 00:00:00', '2025-05-09 00:00:00', NULL, NULL, '', '', '', '', NULL, '2025-05-09 00:01:00'),
('a3181fae-2c25-11f0-a3d1-0492263d7fc5', '803', '2025-05-09 00:00:00', '2025-05-09 00:00:00', NULL, NULL, '', '', '', '', NULL, '2025-05-09 00:01:00'),
('a31821de-2c25-11f0-a3d1-0492263d7fc5', '826', '2025-05-09 00:00:00', '2025-05-09 00:00:00', NULL, NULL, '', '', '', '', NULL, '2025-05-09 00:01:00'),
('a400f362-b9ef-4784-8783-4cc190544f81', '707', '2025-05-17 08:00:00', '2025-05-17 17:00:00', NULL, NULL, 'HKM', '', '', 'a400f362-b9ef-4784-8783-4cc190544f81.jpg', '181124', '2025-05-05 11:22:01'),
('a448d1ed-1b36-11f0-b115-0492263d7fc5', '121', '2025-04-02 00:00:00', '2025-04-02 00:00:00', NULL, NULL, 'Cuti Bersama', '', 'Tes', '', NULL, '2025-04-17 10:49:54'),
('a448d449-1b36-11f0-b115-0492263d7fc5', '112', '2025-04-02 00:00:00', '2025-04-02 00:00:00', NULL, NULL, 'Cuti Bersama', '', 'Tes', '', NULL, '2025-04-17 10:49:54'),
('a448d4e4-1b36-11f0-b115-0492263d7fc5', '229', '2025-04-02 00:00:00', '2025-04-02 00:00:00', NULL, NULL, 'Cuti Bersama', '', 'Tes', '', NULL, '2025-04-17 10:49:54'),
('a6ae9995-22b7-11f0-acd8-80c5f2f97990', '024', '2025-04-27 00:00:00', '2025-04-27 00:00:00', NULL, NULL, '', '', '', '', NULL, '2025-04-27 00:01:00'),
('a6ae9a8f-22b7-11f0-acd8-80c5f2f97990', '111', '2025-04-27 00:00:00', '2025-04-27 00:00:00', NULL, NULL, '', '', '', '', NULL, '2025-04-27 00:01:00'),
('a6ae9b7a-22b7-11f0-acd8-80c5f2f97990', '112', '2025-04-27 00:00:00', '2025-04-27 00:00:00', NULL, NULL, 'Sakit', '', '', '', '291024', '2025-04-27 00:01:00'),
('a6ae9c63-22b7-11f0-acd8-80c5f2f97990', '121', '2025-04-27 00:00:00', '2025-04-27 00:00:00', NULL, NULL, '', '', '', '', NULL, '2025-04-27 00:01:00'),
('a6ae9d03-22b7-11f0-acd8-80c5f2f97990', '124', '2025-04-27 00:00:00', '2025-04-27 00:00:00', NULL, NULL, '', '', '', '', NULL, '2025-04-27 00:01:00'),
('a6ae9df1-22b7-11f0-acd8-80c5f2f97990', '229', '2025-04-27 00:00:00', '2025-04-27 00:00:00', NULL, NULL, '', '', '', '', NULL, '2025-04-27 00:01:00'),
('a6ae9f98-22b7-11f0-acd8-80c5f2f97990', '707', '2025-04-25 00:15:00', '2025-04-27 00:00:00', NULL, NULL, 'Sakit', '', '', '', '291024', '2025-04-27 00:01:00'),
('a6aea043-22b7-11f0-acd8-80c5f2f97990', '803', '2025-04-27 08:00:00', '2025-04-27 17:00:00', NULL, NULL, 'HKM', '', '', '', '291024', '2025-04-27 00:01:00'),
('a6aea0e5-22b7-11f0-acd8-80c5f2f97990', '826', '2025-04-27 00:00:00', '2025-04-27 00:00:00', NULL, NULL, 'HKM', '', '', '', '291024', '2025-04-27 00:01:00'),
('a7679000-276e-11f0-acd8-80c5f2f97990', '121', '2025-05-03 00:00:00', '2025-05-03 00:00:00', NULL, NULL, '', '', '', '', NULL, '2025-05-03 00:01:00'),
('a76790cb-276e-11f0-acd8-80c5f2f97990', '124', '2025-05-03 00:00:00', '2025-05-03 00:00:00', NULL, NULL, '', '', '', '', NULL, '2025-05-03 00:01:00'),
('a76791e7-276e-11f0-acd8-80c5f2f97990', '229', '2025-05-03 07:40:07', '2025-05-03 09:51:46', NULL, NULL, 'HKC', '', '', '', NULL, '2025-05-03 00:01:00'),
('a7679362-276e-11f0-acd8-80c5f2f97990', '707', '2025-05-03 00:00:00', '2025-05-03 00:00:00', NULL, NULL, '', '', '', '', NULL, '2025-05-03 00:01:00'),
('a7679445-276e-11f0-acd8-80c5f2f97990', '803', '2025-05-03 00:00:00', '2025-05-03 00:00:00', NULL, NULL, '', '', '', '', NULL, '2025-05-03 00:01:00'),
('a7679511-276e-11f0-acd8-80c5f2f97990', '826', '2025-05-03 00:00:00', '2025-05-03 00:00:00', NULL, NULL, '', '', '', '', NULL, '2025-05-03 00:01:00'),
('a862ff14-2b12-11f0-a3d1-0492263d7fc5', '803', '2025-05-20 00:00:00', '2025-05-20 00:00:00', NULL, NULL, 'Cuti Resmi', '', 'Cuti Tahunan - Acara Keluarga', '', NULL, '2025-05-07 15:12:38'),
('b57e11cf-bbb0-49d5-9846-b1a5583f23d2', '707', '2025-05-21 08:00:00', '2025-05-21 18:00:00', NULL, NULL, 'HKM', '', '', 'b57e11cf-bbb0-49d5-9846-b1a5583f23d2.jpg', '181124', '2025-05-05 09:06:31'),
('b964d0dc-1f49-11f0-b2eb-0492263d7fc5', NULL, '2025-04-02 00:00:00', '2025-04-02 00:00:00', NULL, NULL, 'Cuti Bersama', '', 'Tes', '', NULL, '2025-04-22 15:16:36'),
('b964eec7-1f49-11f0-b2eb-0492263d7fc5', NULL, '2025-04-18 00:00:00', '2025-04-18 00:00:00', NULL, NULL, 'Cuti Bersama', '', 'Cuti Bersama Paskah', '', NULL, '2025-04-22 15:16:36'),
('bccd70c6-2f95-11f0-b5b1-0492263d7fc5', '001', '2025-05-13 00:00:00', '2025-05-13 00:00:00', NULL, NULL, '', '', '', '', NULL, '2025-05-13 09:01:00'),
('bccd7353-2f95-11f0-b5b1-0492263d7fc5', '024', '2025-05-13 00:00:00', '2025-05-13 00:00:00', NULL, NULL, '', '', '', '', NULL, '2025-05-13 09:01:00'),
('bccd74f9-2f95-11f0-b5b1-0492263d7fc5', '111', '2025-05-13 00:00:00', '2025-05-13 00:00:00', NULL, NULL, '', '', '', '', NULL, '2025-05-13 09:01:00'),
('bccd76d8-2f95-11f0-b5b1-0492263d7fc5', '112', '2025-05-13 00:00:00', '2025-05-13 00:00:00', NULL, NULL, '', '', '', '', NULL, '2025-05-13 09:01:00'),
('bccd7896-2f95-11f0-b5b1-0492263d7fc5', '121', '2025-05-13 00:00:00', '2025-05-13 00:00:00', NULL, NULL, '', '', '', '', NULL, '2025-05-13 09:01:00'),
('bccd7a54-2f95-11f0-b5b1-0492263d7fc5', '124', '2025-05-13 00:00:00', '2025-05-13 00:00:00', NULL, NULL, '', '', '', '', NULL, '2025-05-13 09:01:00'),
('bccd7c39-2f95-11f0-b5b1-0492263d7fc5', '229', '2025-05-13 08:03:47', '2025-05-13 00:00:00', NULL, NULL, 'HKC', '', '', '', NULL, '2025-05-13 09:01:00'),
('bccd7c39-2f95-11f0-b5b1-0492263d7fc6', '229', '2025-05-11 08:24:14', '2025-05-11 17:16:55', NULL, NULL, 'HKC', '', '', '', NULL, '2025-05-13 09:01:00'),
('bccd7c39-2f95-11f0-b5b1-0492263d7fc7', '229', '2025-05-12 20:00:35', '2025-05-13 08:02:31', NULL, NULL, 'HKC', '', '', '', NULL, '2025-05-13 09:01:00'),
('bccd7e5a-2f95-11f0-b5b1-0492263d7fc5', '707', '2025-05-13 00:00:00', '2025-05-13 00:00:00', NULL, NULL, '', '', '', '', NULL, '2025-05-13 09:01:00'),
('bccd7f6c-2f95-11f0-b5b1-0492263d7fc5', '801', '2025-05-13 00:00:00', '2025-05-13 00:00:00', NULL, NULL, '', '', '', '', NULL, '2025-05-13 09:01:00'),
('bccd8656-2f95-11f0-b5b1-0492263d7fc5', '826', '2025-05-13 00:00:00', '2025-05-13 00:00:00', NULL, NULL, '', '', '', '', NULL, '2025-05-13 09:01:00'),
('bdf4736c-20da-11f0-acd8-80c5f2f97990', '707', '2025-04-21 00:00:00', '2025-04-21 00:00:00', NULL, NULL, 'Bencana Alam', '', 'banjir', '', NULL, '2025-04-24 15:07:10'),
('bf99831d-2cab-11f0-a3d1-0492263d7fc5', '001', '2025-05-09 00:00:00', '2025-05-09 00:00:00', NULL, NULL, '', '', '', '', NULL, '2025-05-09 16:01:00'),
('bfd317f9-2b12-11f0-a3d1-0492263d7fc5', '803', '2025-05-13 00:00:00', '2025-05-13 00:00:00', NULL, NULL, 'Ijin Resmi', '', 'Kelahiran Anak - Test izin', '', NULL, '2025-05-07 15:13:17'),
('c1d63416-c7c8-42ea-bda1-ba0970e57a48', '803', '2025-04-25 08:15:00', '2025-04-25 17:20:00', NULL, NULL, 'HKM', '', '', '', '214505', '2025-04-27 14:49:12'),
('c57e57ee-227f-11f0-acd8-80c5f2f97990', '111', '2025-04-26 00:00:00', '2025-04-26 00:00:00', NULL, NULL, '', '', '', '', NULL, '2025-04-26 17:21:00'),
('cbe81ed3-27e3-11f0-acd8-80c5f2f97990', NULL, '2025-04-02 00:00:00', '2025-04-02 00:00:00', NULL, NULL, 'Cuti Bersama', '', 'Tes', '', NULL, '2025-05-03 13:59:31'),
('cbe85f8c-27e3-11f0-acd8-80c5f2f97990', NULL, '2025-04-18 00:00:00', '2025-04-18 00:00:00', NULL, NULL, 'Cuti Bersama', '', 'Cuti Bersama Paskah', '', NULL, '2025-05-03 13:59:31'),
('d0d9f88b-2be2-11f0-a3d1-0492263d7fc5', '826', '2025-05-20 00:00:00', '2025-05-20 00:00:00', NULL, NULL, 'Dinas', '', 'Untuk Pemasangan Alat Pada Mesin Produksi', '', NULL, '2025-05-08 16:02:40'),
('d0da3782-2be2-11f0-a3d1-0492263d7fc5', '826', '2025-05-21 00:00:00', '2025-05-21 00:00:00', NULL, NULL, 'Dinas', '', 'Untuk Pemasangan Alat Pada Mesin Produksi', '', NULL, '2025-05-08 16:02:40'),
('d0da4117-2be2-11f0-a3d1-0492263d7fc5', '826', '2025-05-22 00:00:00', '2025-05-22 00:00:00', NULL, NULL, 'Dinas', '', 'Untuk Pemasangan Alat Pada Mesin Produksi', '', NULL, '2025-05-08 16:02:40'),
('d0da4a26-2be2-11f0-a3d1-0492263d7fc5', '826', '2025-05-23 00:00:00', '2025-05-23 00:00:00', NULL, NULL, 'Dinas', '', 'Untuk Pemasangan Alat Pada Mesin Produksi', '', NULL, '2025-05-08 16:02:40'),
('d0da521f-2be2-11f0-a3d1-0492263d7fc5', '826', '2025-05-24 00:00:00', '2025-05-24 00:00:00', NULL, NULL, 'Dinas', '', 'Untuk Pemasangan Alat Pada Mesin Produksi', '', NULL, '2025-05-08 16:02:40'),
('d0da5b56-2be2-11f0-a3d1-0492263d7fc5', '826', '2025-05-25 00:00:00', '2025-05-25 00:00:00', NULL, NULL, 'Dinas', '', 'Untuk Pemasangan Alat Pada Mesin Produksi', '', NULL, '2025-05-08 16:02:40'),
('d0da6411-2be2-11f0-a3d1-0492263d7fc5', '826', '2025-05-26 00:00:00', '2025-05-26 00:00:00', NULL, NULL, 'Dinas', '', 'Untuk Pemasangan Alat Pada Mesin Produksi', '', NULL, '2025-05-08 16:02:40'),
('d17b82d5-2380-11f0-acd8-80c5f2f97990', '024', '2025-04-28 00:00:00', '2025-04-28 00:00:00', NULL, NULL, '', '', '', '', NULL, '2025-04-28 00:01:00'),
('d17b8885-2380-11f0-acd8-80c5f2f97990', '111', '2025-04-28 00:00:00', '2025-04-28 00:00:00', NULL, NULL, '', '', '', '', NULL, '2025-04-28 00:01:00'),
('d17b8bf6-2380-11f0-acd8-80c5f2f97990', '112', '2025-04-28 00:00:00', '2025-04-28 00:00:00', NULL, NULL, '', '', '', '', NULL, '2025-04-28 00:01:00'),
('d17b8f13-2380-11f0-acd8-80c5f2f97990', '121', '2025-04-28 00:00:00', '2025-04-28 00:00:00', NULL, NULL, '', '', '', '', NULL, '2025-04-28 00:01:00'),
('d17b9178-2380-11f0-acd8-80c5f2f97990', '124', '2025-04-28 00:00:00', '2025-04-28 00:00:00', NULL, NULL, '', '', '', '', NULL, '2025-04-28 00:01:00'),
('d17b9596-2380-11f0-acd8-80c5f2f97990', '229', '2025-04-28 00:00:00', '2025-04-28 00:00:00', NULL, NULL, '', '', '', '', NULL, '2025-04-28 00:01:00'),
('d17b9d12-2380-11f0-acd8-80c5f2f97990', '803', '2025-04-28 00:00:00', '2025-04-28 00:00:00', NULL, NULL, 'Sakit', 'Sick', 'Izin Sakit', 'd17b9d12-2380-11f0-acd8-80c5f2f97990.jpg', '291024', '2025-04-28 00:01:00'),
('d17ba01c-2380-11f0-acd8-80c5f2f97990', '826', '2025-04-28 00:00:00', '2025-04-28 00:00:00', NULL, NULL, '', '', '', '', NULL, '2025-04-28 00:01:00'),
('d2334d24-2837-11f0-acd8-80c5f2f97990', '024', '2025-05-04 00:00:00', '2025-05-04 00:00:00', NULL, NULL, '', '', '', '', NULL, '2025-05-04 00:01:00'),
('d2334ee1-2837-11f0-acd8-80c5f2f97990', '111', '2025-05-04 00:00:00', '2025-05-04 00:00:00', NULL, NULL, '', '', '', '', NULL, '2025-05-04 00:01:00'),
('d2335009-2837-11f0-acd8-80c5f2f97990', '112', '2025-05-04 00:00:00', '2025-05-04 00:00:00', NULL, NULL, '', '', '', '', NULL, '2025-05-04 00:01:00'),
('d2335111-2837-11f0-acd8-80c5f2f97990', '121', '2025-05-04 00:00:00', '2025-05-04 00:00:00', NULL, NULL, '', '', '', '', NULL, '2025-05-04 00:01:00'),
('d23351f3-2837-11f0-acd8-80c5f2f97990', '124', '2025-05-04 00:00:00', '2025-05-04 00:00:00', NULL, NULL, '', '', '', '', NULL, '2025-05-04 00:01:00'),
('d2335302-2837-11f0-acd8-80c5f2f97990', '229', '2025-05-04 09:31:11', '2025-05-04 18:36:30', '2025-05-04 18:38:05', '2025-05-05 07:27:26', 'HKC', '', '', '', NULL, '2025-05-04 00:01:00'),
('d2335438-2837-11f0-acd8-80c5f2f97990', '707', '2025-05-04 00:00:00', '2025-05-04 00:00:00', NULL, NULL, '', '', '', '', NULL, '2025-05-04 00:01:00'),
('d23354a1-2837-11f0-acd8-80c5f2f97990', '801', '2025-05-04 00:00:00', '2025-05-04 00:00:00', NULL, NULL, '', '', '', '', NULL, '2025-05-04 00:01:00'),
('d2335595-2837-11f0-acd8-80c5f2f97990', '803', '2025-05-04 00:00:00', '2025-05-04 00:00:00', NULL, NULL, '', '', '', '', NULL, '2025-05-04 00:01:00'),
('d233567d-2837-11f0-acd8-80c5f2f97990', '826', '2025-05-04 00:00:00', '2025-05-04 00:00:00', NULL, NULL, '', '', '', '', NULL, '2025-05-04 00:01:00'),
('d839a4ac-226c-11f0-acd8-80c5f2f97990', '826', '2025-04-02 00:00:00', '2025-04-02 00:00:00', NULL, NULL, 'Cuti Bersama', '', 'Tes', '', NULL, '2025-04-26 15:05:31'),
('d839d2e0-226c-11f0-acd8-80c5f2f97990', '826', '2025-04-18 00:00:00', '2025-04-18 00:00:00', NULL, NULL, 'Cuti Bersama', '', 'Cuti Bersama Paskah', '', NULL, '2025-04-26 15:05:31'),
('db121b91-2d31-11f0-ac46-0492263d7fc5', '001', '2025-05-10 00:00:00', '2025-05-10 00:00:00', NULL, NULL, '', '', '', '', NULL, '2025-05-10 08:01:00'),
('db121f67-2d31-11f0-ac46-0492263d7fc5', '024', '2025-05-10 00:00:00', '2025-05-10 00:00:00', NULL, NULL, '', '', '', '', NULL, '2025-05-10 08:01:00'),
('db122138-2d31-11f0-ac46-0492263d7fc5', '111', '2025-05-10 00:00:00', '2025-05-10 00:00:00', NULL, NULL, '', '', '', '', NULL, '2025-05-10 08:01:00'),
('db12233b-2d31-11f0-ac46-0492263d7fc5', '112', '2025-05-10 00:00:00', '2025-05-10 00:00:00', NULL, NULL, '', '', '', '', NULL, '2025-05-10 08:01:00'),
('db12252d-2d31-11f0-ac46-0492263d7fc5', '121', '2025-05-10 00:00:00', '2025-05-10 00:00:00', NULL, NULL, '', '', '', '', NULL, '2025-05-10 08:01:00'),
('db1226ec-2d31-11f0-ac46-0492263d7fc5', '124', '2025-05-10 00:00:00', '2025-05-10 00:00:00', NULL, NULL, '', '', '', '', NULL, '2025-05-10 08:01:00'),
('db122910-2d31-11f0-ac46-0492263d7fc5', '229', '2025-05-10 05:02:47', '2025-05-10 17:22:21', NULL, NULL, 'HKC', '', '', '', NULL, '2025-05-10 08:01:00'),
('db122c98-2d31-11f0-ac46-0492263d7fc5', '707', '2025-05-10 00:00:00', '2025-05-10 00:00:00', NULL, NULL, '', '', '', '', NULL, '2025-05-10 08:01:00'),
('db122e2b-2d31-11f0-ac46-0492263d7fc5', '801', '2025-05-10 00:00:00', '2025-05-10 00:00:00', NULL, NULL, '', '', '', '', NULL, '2025-05-10 08:01:00'),
('db1230ad-2d31-11f0-ac46-0492263d7fc5', '826', '2025-05-10 00:00:00', '2025-05-10 00:00:00', NULL, NULL, '', '', '', '', NULL, '2025-05-10 08:01:00'),
('e2b31e1a-27bc-11f0-acd8-80c5f2f97990', '024', '2025-05-03 00:00:00', '2025-05-03 00:00:00', NULL, NULL, '', '', '', '', NULL, '2025-05-03 09:21:00'),
('e2b3201b-27bc-11f0-acd8-80c5f2f97990', '111', '2025-05-03 00:00:00', '2025-05-03 00:00:00', NULL, NULL, '', '', '', '', NULL, '2025-05-03 09:21:00'),
('e2b3222b-27bc-11f0-acd8-80c5f2f97990', '112', '2025-05-03 00:00:00', '2025-05-03 00:00:00', NULL, NULL, '', '', '', '', NULL, '2025-05-03 09:21:00'),
('e826e001-1c03-11f0-b115-0492263d7fc5', '112', '2025-04-17 00:00:00', '2025-04-17 00:00:00', NULL, NULL, 'Cuti Tahunan', '', 'Ibadah Haji (asdasdasd)', '', NULL, '2025-04-18 11:19:14'),
('f0cc4b3f-200c-11f0-acd8-80c5f2f97990', '121', '2025-04-23 00:00:00', '2025-04-23 00:00:00', NULL, NULL, '', '', '', '', NULL, '2025-04-23 14:34:00'),
('f0cc4d47-200c-11f0-acd8-80c5f2f97990', '112', '2025-04-23 00:00:00', '2025-04-23 00:00:00', NULL, NULL, '', '', '', '', NULL, '2025-04-23 14:34:00'),
('f0cc4e23-200c-11f0-acd8-80c5f2f97990', '229', '2025-04-23 00:00:00', '2025-04-23 00:00:00', NULL, NULL, '', '', '', '', NULL, '2025-04-23 14:34:00'),
('f52353ba-27e3-11f0-acd8-80c5f2f97990', '801', '2025-04-02 00:00:00', '2025-04-02 00:00:00', NULL, NULL, 'Cuti Bersama', '', 'Tes', '', NULL, '2025-05-03 14:00:41'),
('f523572b-27e3-11f0-acd8-80c5f2f97990', '801', '2025-04-18 00:00:00', '2025-04-18 00:00:00', NULL, NULL, 'Cuti Bersama', '', 'Cuti Bersama Paskah', '', NULL, '2025-05-03 14:00:41'),
('fc460b9c-2449-11f0-acd8-80c5f2f97990', '024', '2025-04-29 00:00:00', '2025-04-29 00:00:00', NULL, NULL, '', '', '', '', NULL, '2025-04-29 00:01:00'),
('fc460d52-2449-11f0-acd8-80c5f2f97990', '111', '2025-04-29 00:00:00', '2025-04-29 00:00:00', NULL, NULL, '', '', '', '', NULL, '2025-04-29 00:01:00'),
('fc460edd-2449-11f0-acd8-80c5f2f97990', '112', '2025-04-29 00:00:00', '2025-04-29 00:00:00', NULL, NULL, '', '', '', '', NULL, '2025-04-29 00:01:00'),
('fc4610c1-2449-11f0-acd8-80c5f2f97990', '121', '2025-04-29 00:00:00', '2025-04-29 00:00:00', NULL, NULL, '', '', '', '', NULL, '2025-04-29 00:01:00'),
('fc461247-2449-11f0-acd8-80c5f2f97990', '124', '2025-04-29 00:00:00', '2025-04-29 00:00:00', NULL, NULL, '', '', '', '', NULL, '2025-04-29 00:01:00'),
('fc461421-2449-11f0-acd8-80c5f2f97990', '229', '2025-04-29 00:00:00', '2025-04-29 00:00:00', NULL, NULL, '', '', '', '', NULL, '2025-04-29 00:01:00'),
('fc461736-2449-11f0-acd8-80c5f2f97990', '707', '2025-04-29 08:03:00', '2025-04-29 17:07:00', NULL, NULL, 'HKM', 'Sick', 'Telat aja 1 jam', 'fc461736-2449-11f0-acd8-80c5f2f97990.jpg', '181124', '2025-04-29 00:01:00'),
('fc4618b1-2449-11f0-acd8-80c5f2f97990', '803', '2025-04-29 10:01:00', '2025-04-29 00:00:00', NULL, NULL, 'HKC', 'Permit', 'kerumah sakit', 'fc4618b1-2449-11f0-acd8-80c5f2f97990.jpg', '291024', '2025-04-29 00:01:00'),
('fc4619f4-2449-11f0-acd8-80c5f2f97990', '826', '2025-04-29 00:00:00', '2025-04-29 00:00:00', NULL, NULL, '', '', '', '', NULL, '2025-04-29 00:01:00'),
('fcf15a68-2900-11f0-acd8-80c5f2f97990', '024', '2025-05-05 00:00:00', '2025-05-05 00:00:00', NULL, NULL, '', '', '', '', NULL, '2025-05-05 00:01:00'),
('fcf15cd0-2900-11f0-acd8-80c5f2f97990', '111', '2025-05-05 00:00:00', '2025-05-05 00:00:00', NULL, NULL, '', '', '', '', NULL, '2025-05-05 00:01:00'),
('fcf15f19-2900-11f0-acd8-80c5f2f97990', '112', '2025-05-05 00:00:00', '2025-05-05 00:00:00', NULL, NULL, '', '', '', '', NULL, '2025-05-05 00:01:00'),
('fcf16190-2900-11f0-acd8-80c5f2f97990', '121', '2025-05-05 00:00:00', '2025-05-05 00:00:00', NULL, NULL, '', '', '', '', NULL, '2025-05-05 00:01:00'),
('fcf16383-2900-11f0-acd8-80c5f2f97990', '124', '2025-05-05 00:00:00', '2025-05-05 00:00:00', NULL, NULL, '', '', '', '', NULL, '2025-05-05 00:01:00'),
('fcf165b9-2900-11f0-acd8-80c5f2f97990', '229', '0000-00-00 00:00:00', '2025-05-05 00:00:00', NULL, NULL, 'HKC', '', '', '', NULL, '2025-05-05 00:01:00'),
('fcf169d7-2900-11f0-acd8-80c5f2f97990', '707', '2025-05-05 00:00:00', '2025-05-05 00:00:00', NULL, NULL, '', '', '', '', NULL, '2025-05-05 00:01:00'),
('fcf16b46-2900-11f0-acd8-80c5f2f97990', '801', '2025-05-05 00:00:00', '2025-05-05 00:00:00', NULL, NULL, '', '', '', '', NULL, '2025-05-05 00:01:00'),
('fcf16e17-2900-11f0-acd8-80c5f2f97990', '803', '2025-05-05 00:00:00', '2025-05-05 00:00:00', NULL, NULL, '', '', '', '', NULL, '2025-05-05 00:01:00'),
('fcf170a7-2900-11f0-acd8-80c5f2f97990', '826', '2025-05-05 00:00:00', '2025-05-05 00:00:00', NULL, NULL, '', '', '', '', NULL, '2025-05-05 00:01:00');

--
-- Triggers `attendance`
--
DELIMITER $$
CREATE TRIGGER `attendance_update_ondelete` AFTER DELETE ON `attendance` FOR EACH ROW BEGIN
	DECLARE temp_payroll varchar (8);
    SELECT payroll INTO temp_payroll FROM employee WHERE user_id_machine = OLD.user_id_machine;
    
    IF OLD.type = 'Cuti Tahunan' THEN 
    	UPDATE cuti SET status = 'Cancelled' WHERE date = DATE(OLD.check_in) AND payroll = temp_payroll COLLATE utf8mb4_unicode_ci;
   	ELSEIF OLD.type = 'Ijin Resmi' THEN 
    	UPDATE ijin SET status = 'Cancelled' WHERE date = DATE(OLD.check_in) AND payroll = temp_payroll COLLATE utf8mb4_unicode_ci;
    END IF;
END
$$
DELIMITER ;

-- --------------------------------------------------------

--
-- Table structure for table `calendar`
--

CREATE TABLE `calendar` (
  `calendar_id` varchar(40) NOT NULL,
  `description` varchar(255) DEFAULT NULL,
  `type` enum('Hari Libur','Cuti Bersama','Event Kantor') DEFAULT NULL,
  `date` date DEFAULT NULL
) ENGINE=InnoDB DEFAULT CHARSET=utf8mb4 COLLATE=utf8mb4_unicode_ci;

--
-- Dumping data for table `calendar`
--

INSERT INTO `calendar` (`calendar_id`, `description`, `type`, `date`) VALUES
('123', 'Tes', 'Cuti Bersama', '2025-04-02'),
('1f03f582-57f1-492b-90f4-f51e2ff99fa7', 'Cuti Bersama Paskah', 'Cuti Bersama', '2025-04-18');

--
-- Triggers `calendar`
--
DELIMITER $$
CREATE TRIGGER `cal_delete_attendance` AFTER DELETE ON `calendar` FOR EACH ROW BEGIN
	DELETE FROM attendance WHERE date(check_in)=OLD.date and type=OLD.type; 
END
$$
DELIMITER ;
DELIMITER $$
CREATE TRIGGER `cal_insert_attendance` AFTER INSERT ON `calendar` FOR EACH ROW BEGIN
	#check & delete related cuti & ijin
	
	DELETE FROM attendance WHERE date(check_in)=NEW.date and type not in('HKM','HKC');
	
	UPDATE cuti SET `status`='Cancelled' WHERE date=NEW.date;
	
	UPDATE ijin SET `status`='Cancelled' WHERE date=NEW.date;
		
	#insert calendar record to attendance
	INSERT INTO attendance(attendance_id,user_id_machine,check_in,check_out,type,description) SELECT UUID(),user_id_machine,NEW.date,NEW.date,NEW.type,NEW.description from employee;
END
$$
DELIMITER ;
DELIMITER $$
CREATE TRIGGER `cal_update_attendance` AFTER UPDATE ON `calendar` FOR EACH ROW BEGIN
	
	UPDATE attendance SET check_in=NEW.date,check_out=NEW.date,type=NEW.type,description=NEW.description WHERE DATE(check_in)=OLD.date and type=OLD.type;
	
	IF NEW.date<>OLD.date THEN
		DELETE FROM attendance WHERE date(check_in)=OLD.date and type not in('HKM','HKC');
	
		UPDATE cuti SET `status`='Cancelled' WHERE date=NEW.date;
	
		UPDATE ijin SET `status`='Cancelled' WHERE date=NEW.date;
	END IF;
END
$$
DELIMITER ;

-- --------------------------------------------------------

--
-- Table structure for table `check_io`
--

CREATE TABLE `check_io` (
  `check_io_id` varchar(40) NOT NULL,
  `user_id_machine` varchar(6) NOT NULL,
  `datetime` datetime NOT NULL,
  `type` varchar(50) NOT NULL,
  `transfer_status` tinyint(1) DEFAULT 0
) ENGINE=InnoDB DEFAULT CHARSET=utf8mb4 COLLATE=utf8mb4_unicode_ci;

--
-- Dumping data for table `check_io`
--

INSERT INTO `check_io` (`check_io_id`, `user_id_machine`, `datetime`, `type`, `transfer_status`) VALUES
('0c594c81-b810-4895-bd74-dfa4cd0c0df5', '229', '2025-05-10 05:10:26', 'Check In', 1),
('0e9ccf71-ade0-4065-8d00-b76deb9e524e', '229', '2025-05-10 05:02:47', 'Check In', 1),
('107e1d7b-5248-4745-8bcb-c5e5ef0b7ec2', '229', '2025-05-05 17:36:24', 'Check Out', 1),
('120909ce-7d1d-463b-9ec3-126f635b324d', '229', '2025-05-12 20:00:35', 'Check In', 1),
('19b8edb7-77f0-4534-b888-f8ea54b694e3', '229', '2025-05-11 17:16:55', 'Check Out', 1),
('1be985e5-3bda-4d4a-92f1-fbabe3b79c32', '229', '2025-05-11 08:24:14', 'Check In', 1),
('1df312af-4b20-4c70-8c06-991fabc89c71', '229', '2025-05-09 07:41:02', 'Check In', 1),
('2329c916-43d0-4038-8d4e-ef517bbddd33', '229', '2025-05-13 08:03:47', 'Check In', 1),
('2423c7f2-5ab5-4cf2-afde-2677f1e9e897', '229', '2025-05-03 07:38:28', 'Check Out', 1),
('260f4a63-24c6-4a77-8209-952e702dfd39', '229', '2025-05-05 07:27:26', 'Check Out', 1),
('265f9ab2-0736-4f6b-8365-5abbe3a9f473', '229', '2025-05-01 08:24:51', 'Check In', 1),
('276bb5a8-87be-4538-82a3-990ffede04d1', '229', '2025-05-05 17:36:24', 'Check Out', 1),
('2fbd3956-ae74-490b-ac88-a984ccbf212b', '229', '2025-05-06 07:48:29', 'Check Out', 1),
('31ea007b-cf57-4496-9834-302f22bea5ee', '229', '2025-05-10 05:30:19', 'Check Out', 1),
('371a7aae-30cc-42e6-9c91-77abdbce3575', '229', '2025-05-06 07:48:32', 'Check In', 1),
('3c5eb627-fd8b-404e-9d26-d52c5e3c7360', '229', '2025-05-07 19:10:01', 'Check Out', 1),
('3d659f1d-09d0-4041-86eb-22df55afd360', '229', '2025-05-02 07:54:45', 'Check In', 1),
('4d85005e-295e-4d95-a323-91c195917e9e', '229', '2025-05-10 05:03:49', 'Check In', 1),
('4f15ae25-54e0-47b8-8502-cca22179ef11', '229', '2025-05-10 05:03:55', 'Check In', 1),
('511b7c34-133f-43af-ae8b-185c46a65c68', '229', '2025-05-08 07:36:03', 'Check In', 1),
('52b7e49b-249b-461b-8a0a-36f5faace063', '229', '2025-05-10 05:04:11', 'Check In', 1),
('56739b96-45a4-4a58-8d36-d7edb51d531c', '229', '2025-05-05 02:40:03', 'Check In', 1),
('56ba1cdf-ee83-4c1c-b0df-2b2d788c755a', '229', '2025-05-03 07:40:07', 'Check In', 1),
('616c95e4-8057-4f26-9ebb-4896e7739403', '229', '2025-05-06 18:05:13', 'Check Out', 1),
('6396b779-7c78-437d-a6c7-f46ae6f61429', '229', '2025-05-02 18:11:32', 'Check In', 1),
('646bdb4f-2fea-406a-b8b9-93b3d02d2d14', '229', '2025-05-13 08:03:52', 'Check In', 1),
('65690bef-2d96-457c-90e4-942f02c828bf', '229', '2025-05-03 07:40:09', 'Check In', 1),
('6a3b4175-6620-4b14-aa1d-a2c278416c7f', '229', '2025-05-04 15:34:58', 'Check Out', 1),
('76964f9f-0e3f-4881-9aa0-404999924491', '229', '2025-05-03 07:47:46', 'Check In', 1),
('7b3de6f5-e55c-431d-9e65-b0c0965d8b38', '229', '2025-05-02 07:54:30', 'Check Out', 1),
('8081cb02-4524-44c2-833f-b2e11b0c72e0', '229', '2025-05-01 08:24:25', 'Check In', 1),
('81cc3650-c693-4f92-9304-5bc04c2756d5', '229', '2025-05-06 07:48:34', 'Check In', 1),
('82deee17-1554-477b-8124-207779ffac33', '229', '2025-05-05 07:28:27', 'Check In', 1),
('8437078b-4cce-4179-bf51-203e37a7cf81', '229', '2025-05-03 07:38:23', 'Check In', 1),
('846f76cf-ab70-42c5-b95a-12fbeccf1207', '229', '2025-05-03 07:38:26', 'Check Out', 1),
('8dc0d3a8-d583-4d80-9057-10b6b359e653', '229', '2025-05-05 18:33:36', 'Check Out', 1),
('9196dd0f-3a99-442e-8460-29e747fbdddd', '229', '2025-05-04 15:32:36', 'Check Out', 1),
('922d5c59-a894-469b-828d-7eb542dd0ebe', '229', '2025-05-05 12:29:12', 'Check In', 1),
('972cf4db-da73-4c5c-a2c6-12c646e5cb99', '229', '2025-05-10 17:22:21', 'Check Out', 1),
('9b8db36c-2a1a-43ea-a228-46d058737387', '229', '2025-05-10 05:03:45', 'Check In', 1),
('a27cc7b2-2c8b-4ef3-ab10-3e1d9fc72f8b', '229', '2025-05-02 17:10:07', 'Check Out', 1),
('a3c7d2c2-ef74-4504-9e8e-9e98ef8fa4bd', '229', '2025-05-10 05:04:31', 'Check In', 1),
('b0eccdc6-b688-4516-9de2-ae6f74849513', '229', '2025-05-06 07:47:16', 'Check In', 1),
('b1173d15-da0a-42fb-9905-f044b944ccc2', '229', '2025-05-08 16:57:22', 'Check Out', 1),
('b76519f0-508d-4192-8b96-f70bb7400adc', '229', '2025-05-03 09:51:46', 'Check In', 1),
('be477b75-78dd-45ae-b795-040c1af004fd', '229', '2025-05-07 19:10:02', 'Check Out', 1),
('c23ec203-fb52-4d29-b2ef-c984d155a0c4', '229', '2025-05-04 15:33:15', 'Check Out', 1),
('c3f1f614-bae3-4083-9377-4db95f828861', '229', '2025-05-13 08:02:28', 'Check In', 1),
('c73f8131-0675-464a-85a8-315877077c51', '229', '2025-05-04 18:38:05', 'Check In', 1),
('c7f7677a-4686-4cfc-8b06-d54f65b3c925', '229', '2025-05-04 09:31:11', 'Check In', 1),
('ce23d380-d8b2-4b87-b64b-a7c8ea9e78c2', '229', '2025-05-07 07:35:36', 'Check In', 1),
('d06fba80-0412-4f9b-823c-fe7673a23d3b', '229', '2025-05-10 05:04:29', 'Check In', 1),
('d6cefbca-fea2-4f22-adbc-bc44328228a1', '229', '2025-05-06 07:48:35', 'Check In', 1),
('de7de67c-1657-4d84-8e58-f48fc4ccccbc', '229', '2025-05-05 02:40:42', 'Check Out', 1),
('e4e691e0-86c4-41af-a684-b38cdfc9ef07', '229', '2025-05-01 17:25:50', 'Check Out', 1),
('e947928d-028e-4323-9b90-584d45b0309b', '229', '2025-05-02 17:10:08', 'Check Out', 1),
('e9abe1a7-daa1-4a47-922e-ce1a6dda2830', '229', '2025-05-09 17:10:44', 'Check Out', 1),
('ee924164-35ee-4a37-ad6b-ddd9935f5bec', '229', '2025-05-06 07:48:25', 'Check In', 1),
('f23f5540-50ed-485a-af53-06e022a182c6', '229', '2025-05-13 08:02:31', 'Check Out', 1),
('f97d50cb-e2ee-4a64-8e67-a3f3326d335b', '229', '2025-05-10 05:04:12', 'Check In', 1),
('fe023423-a221-4ff8-ae8c-99057431033c', '229', '2025-05-06 07:48:27', 'Check In', 1),
('fe1c0549-7152-49b9-8077-4665f8d3c32a', '229', '2025-05-03 07:38:22', 'Check In', 1),
('ffa4f3cc-addd-41f5-ae2c-8a2d6b213083', '229', '2025-05-04 18:36:30', 'Check Out', 1);

-- --------------------------------------------------------

--
-- Table structure for table `cuti`
--

CREATE TABLE `cuti` (
  `cuti_id` varchar(40) CHARACTER SET utf8mb4 COLLATE utf8mb4_unicode_ci NOT NULL,
  `cuti_group_id` varchar(40) NOT NULL DEFAULT 'uuid()',
  `payroll` varchar(8) CHARACTER SET utf8mb4 COLLATE utf8mb4_unicode_ci DEFAULT NULL,
  `type` varchar(50) CHARACTER SET utf8mb4 COLLATE utf8mb4_unicode_ci NOT NULL,
  `description` varchar(255) CHARACTER SET utf8mb4 COLLATE utf8mb4_unicode_ci NOT NULL,
  `date` date NOT NULL,
  `year` smallint(4) NOT NULL,
  `status` enum('Waiting','Reject','Approved','Cancelled') CHARACTER SET utf8mb4 COLLATE utf8mb4_unicode_ci NOT NULL,
  `approval` varchar(8) CHARACTER SET utf8mb4 COLLATE utf8mb4_unicode_ci DEFAULT NULL,
  `createdAt` datetime NOT NULL
) ENGINE=InnoDB DEFAULT CHARSET=utf8mb4 COLLATE=utf8mb4_general_ci;

--
-- Dumping data for table `cuti`
--

INSERT INTO `cuti` (`cuti_id`, `cuti_group_id`, `payroll`, `type`, `description`, `date`, `year`, `status`, `approval`, `createdAt`) VALUES
('0082dc14-f8bb-4a98-909f-e3af40e3e343', 'uuid(1', '181124', 'Cuti Tahunan', 'test cuti', '2000-10-05', 2001, 'Approved', '202201', '2025-05-08 17:03:34'),
('02b743af-1a4f-430e-8dfa-da893cddd576', '2', '181124', 'Cuti Haid', 'test cuti', '2000-05-15', 2001, 'Approved', '202201', '2025-05-08 17:03:34'),
('0db2c333-e315-43fc-9c60-4c3f57ca48a1', '3', '220803', 'Cuti Tahunan', 'Acara Keluarga', '2025-05-19', 2025, 'Approved', '291024', '2025-05-06 14:00:06'),
('180ae64e-d28b-4ce5-8aef-d0de34ee5e7d', '130f2c8a-5f6e-48ca-aa65-4d82c67c8ec3', '202207', 'Cuti Tahunan', 'testes', '2025-05-27', 2025, 'Waiting', '214505', '2025-05-13 16:52:17'),
('74a98482-215d-4b1f-a0fe-3c3d94c553fd', '5', '220803', 'Cuti Hamil & Melahirkan', 'Mau hamil', '2025-06-26', 2025, 'Approved', '291024', '2025-05-09 11:50:28'),
('76377d62-febb-4e78-9400-2811db2ba0c7', '6', '220803', 'Cuti Tahunan', 'Acara Keluarga', '2025-05-20', 2025, 'Approved', '291024', '2025-05-06 14:00:06'),
('836798e4-9454-472a-ad3b-5dc07407ce4e', '130f2c8a-5f6e-48ca-aa65-4d82c67c8ec3', '202207', 'Cuti Tahunan', 'testes', '2025-05-26', 2025, 'Waiting', '214505', '2025-05-13 16:52:17'),
('ad865c3a-d498-4320-bf84-8ac24b18ff21', '130f2c8a-5f6e-48ca-aa65-4d82c67c8ec3', '202207', 'Cuti Tahunan', 'testes', '2025-05-28', 2025, 'Waiting', '214505', '2025-05-13 16:52:17'),
('e60f289e-d0de-443d-8915-071c2ae024c8', '8', '220803', 'Cuti Hamil & Melahirkan', 'Mau hamil', '2025-12-10', 2025, 'Reject', '291024', '2025-05-09 11:50:28'),
('fbe02df5-08e0-4970-9db4-9f2e98b07985', '9', '220803', 'Cuti Hamil & Melahirkan', 'Mau hamil', '2025-08-20', 2025, 'Reject', '291024', '2025-05-09 11:50:28'),
('fc14e1f2-9523-4aa8-8d04-b555b33c54ae', '10', '220803', 'Cuti Hamil & Melahirkan', 'Mau hamil', '2025-05-29', 2025, 'Approved', '291024', '2025-05-09 11:50:28');

--
-- Triggers `cuti`
--
DELIMITER $$
CREATE TRIGGER `cuti_onapproved_insert_attendace` AFTER UPDATE ON `cuti` FOR EACH ROW BEGIN
	IF NEW.status = 'Approved' THEN
		INSERT INTO attendance(attendance_id,user_id_machine,check_in,check_out,type,description) SELECT UUID(),user_id_machine,NEW.date,NEW.date, 
        IF(new.type = "Cuti Tahunan", "Cuti Tahunan", "Cuti Resmi"), 
        Concat(IF(new.type = "Cuti Tahunan", "Cuti Tahunan", "Cuti Resmi") , " - " ,NEW.description) from employee where payroll=NEW.payroll;
	END IF;
END
$$
DELIMITER ;

-- --------------------------------------------------------

--
-- Table structure for table `dept`
--

CREATE TABLE `dept` (
  `dept_id` varchar(40) CHARACTER SET utf8mb4 COLLATE utf8mb4_unicode_ci NOT NULL,
  `dept_code` varchar(6) CHARACTER SET utf8mb4 COLLATE utf8mb4_unicode_ci NOT NULL,
  `initial` varchar(10) CHARACTER SET utf8mb4 COLLATE utf8mb4_unicode_ci NOT NULL,
  `name` varchar(100) CHARACTER SET utf8mb4 COLLATE utf8mb4_unicode_ci NOT NULL,
  `status` enum('Aktif','Nonaktif') CHARACTER SET utf8mb4 COLLATE utf8mb4_unicode_ci NOT NULL
) ENGINE=InnoDB DEFAULT CHARSET=utf8mb4 COLLATE=utf8mb4_general_ci;

--
-- Dumping data for table `dept`
--

INSERT INTO `dept` (`dept_id`, `dept_code`, `initial`, `name`, `status`) VALUES
('11165938-324f-4adb-9301-ce525a0f33ce', '5001', 'FA', 'Finance And Accounting', 'Aktif'),
('253a63c1-0f44-4de2-ab1f-111b53cbae15', '5002', 'HRD', 'Human Resource and Development', 'Aktif'),
('9f251207-0bf9-41cd-82f4-08ed9f6eae95', '1004', 'CAT', 'Cementing & assembly', 'Aktif'),
('a3b885be-a168-46ba-9124-c9fbd7a188e3', '5003', 'MIS', 'Management Information System', 'Aktif');

-- --------------------------------------------------------

--
-- Table structure for table `employee`
--

CREATE TABLE `employee` (
  `payroll` varchar(8) NOT NULL,
  `user_id_machine` varchar(6) NOT NULL,
  `profile_id` varchar(50) DEFAULT NULL,
  `email` varchar(100) NOT NULL,
  `name` varchar(250) NOT NULL,
  `password` varchar(250) NOT NULL,
  `position` varchar(100) NOT NULL,
  `department` varchar(6) DEFAULT NULL,
  `location` varchar(50) NOT NULL,
  `phone` varchar(13) NOT NULL,
  `overtime` tinyint(1) NOT NULL,
  `workhour` smallint(6) NOT NULL DEFAULT 8,
  `start_work` time NOT NULL DEFAULT '08:00:00',
  `approver` varchar(8) DEFAULT NULL,
  `substitute` varchar(8) DEFAULT NULL,
  `join_date` date NOT NULL DEFAULT current_timestamp(),
  `signature` varchar(250) NOT NULL,
  `status` enum('Aktif','Nonaktif') NOT NULL DEFAULT 'Aktif'
) ENGINE=InnoDB DEFAULT CHARSET=utf8mb4 COLLATE=utf8mb4_unicode_ci;

--
-- Dumping data for table `employee`
--

INSERT INTO `employee` (`payroll`, `user_id_machine`, `profile_id`, `email`, `name`, `password`, `position`, `department`, `location`, `phone`, `overtime`, `workhour`, `start_work`, `approver`, `substitute`, `join_date`, `signature`, `status`) VALUES
('000000', '000', '30349278-b074-430c-af99-c51cdd45703f', 'itofficer0@sagatrade.co.id', 'tes', 'U2FsdGVkX18ZYDmw18f0NaBiEebchehVFCVqoJqbpiA=', 'Staff IT', '1004', 'Samarinda', '0852453688423', 1, 8, '08:00:00', '181124', '220801', '2023-06-15', '000000.jpg', 'Aktif'),
('111111', '111', 'c071a3dd-ad8d-49bb-97b2-9883d26f8eac', 'itofficer5@sagatrade.co.id', 'Didit', 'U2FsdGVkX1/O7apo7/xtbz9S4XAhD0y2FunIsxguNEQ=', 'Head of the Music Division', '1004', 'Jakarta', '081245637890', 1, 8, '08:00:00', '202207', '214505', '2025-04-26', '111111.jpg', 'Nonaktif'),
('111112', '001', 'c071a3dd-ad8d-49bb-97b2-9883d26f8eac', 'pujo@sagatrade.co.id', 'Pujo Basuki', 'U2FsdGVkX18h+pyvMlxj9cwqQzVBksBF0wPp30ld2Mw=', 'Kasi HRD', '5002', 'Jakarta', '085245368842', 0, 8, '08:00:00', '220803', '202207', '2025-05-09', '111112.jpg', 'Aktif'),
('140826', '826', 'Profile1', 'harry@sagatrade.co.id', 'Harry Gumbira Ramadhan', 'U2FsdGVkX1+4Rm+/D7R6GOd0Z2CyJlti85WRbSZDRW8=', 'Staff IT', '5003', 'Jakarta', '0818-0737-354', 0, 8, '08:00:00', '202201', '202201', '2025-04-26', '140826.jpg', 'Aktif'),
('181124', '124', 'd80b49f2-a2ef-418f-aafb-9176e2a7345a', 'luvi@sagatrade.co.id', 'Luviana Riska', 'U2FsdGVkX19FlOOeNhhn9thgv8pJgolRSQgt2iFcLAs=', 'Staff HRD', '5002', 'Jakarta', '0813-8473-847', 0, 8, '08:00:00', '202201', '202201', '2020-04-26', '181124.jpg', 'Aktif'),
('202201', '121', '5febe7d0-3b2b-4fc1-93eb-acf6724dbcc5', 'ryan@gmail.com', 'Ryan Ferdy', 'U2FsdGVkX1+3TI3S25xViylQlkOJSAlttKWbP8gUX44=', 'Staff', '5003', 'Samarinda', '081234561234', 1, 8, '08:00:00', '202201', '213514', '2025-02-11', '202201.jpg', 'Aktif'),
('202207', '707', 'fe0a3d78-5144-4dc8-b891-a604ce14b85d', 'ricky@sagatade.co.id', 'Tjoa Ricky Febrianto', 'U2FsdGVkX1+3TI3S25xViylQlkOJSAlttKWbP8gUX44=\r\n', 'Staff IT Mantap', '5003', 'Samarinda', '085245368842', 1, 8, '08:00:00', '214505', '140826', '2024-03-25', '202207.png', 'Aktif'),
('213514', '112', 'Profile1', 'dedy@sagatrade.co.id', 'Dedy Setiawan', 'U2FsdGVkX1+3TI3S25xViylQlkOJSAlttKWbP8gUX44=', 'Staff', '5003', 'Samarinda', '081234561234', 0, 8, '08:00:00', '214505', '202201', '2025-04-16', '213514.jpg', 'Aktif'),
('214505', '229', 'Profile1', 'syamsuddin@sagatrade.co.id', 'Syamsuddin', 'U2FsdGVkX1/96VJUZUKKDLO2qfozddqiLwocvklckMo=', 'Kasi IT', '5003', 'Samarinda', '081244608676', 0, 8, '08:00:00', '291024', '213514', '2020-04-10', '214505.png', 'Aktif'),
('220801', '801', '5febe7d0-3b2b-4fc1-93eb-acf6724dbcc5', 'ananta@sagatrade.co.id', 'Muhammad Ananta', 'U2FsdGVkX1+pHklcSA9qvhcMhae0Pqkdsdl5lgwWoO0=', 'Staff IT', '5003', 'Jakarta', '085247594847', 1, 8, '08:00:00', '291024', '140826', '2025-05-03', '220801.jpg', 'Aktif'),
('220803', '803', '5febe7d0-3b2b-4fc1-93eb-acf6724dbcc5', 'aziz@sagatrade.co.id', 'Abdul Aziz Arrofiq', 'U2FsdGVkX19jac9Vb9wYSlewT4forOItAiPkYZ8WMWI=', 'Staff IT', '5003', 'Jakarta', '0899-8921-062', 1, 8, '08:00:00', '291024', '140826', '2025-04-26', '220803.jpg', 'Aktif'),
('291024', '024', '30349278-b074-430c-af99-c51cdd45703f', 'paulus@sagatrade.co.id', 'Paulus Hendro Nugroho', 'U2FsdGVkX18N+AhWVrCccBhyztPBJHQwCIEvvEmsqsc=', 'Head of the IT', '5003', 'Jakarta', '0818-0627-127', 0, 8, '08:00:00', '202201', '202201', '2015-02-13', '291024.jpg', 'Aktif');

--
-- Triggers `employee`
--
DELIMITER $$
CREATE TRIGGER `emp_insert_attendance` AFTER INSERT ON `employee` FOR EACH ROW BEGIN
	INSERT INTO attendance(attendance_id,user_id_machine,check_in,check_out,type,description) SELECT UUID(),NEW.user_id_machine,date,date,type,description from calendar;
END
$$
DELIMITER ;

-- --------------------------------------------------------

--
-- Table structure for table `ijin`
--

CREATE TABLE `ijin` (
  `ijin_id` varchar(40) CHARACTER SET utf8mb4 COLLATE utf8mb4_unicode_ci NOT NULL,
  `payroll` varchar(8) CHARACTER SET utf8mb4 COLLATE utf8mb4_unicode_ci DEFAULT NULL,
  `type` varchar(50) NOT NULL,
  `description` varchar(255) CHARACTER SET utf8mb4 COLLATE utf8mb4_unicode_ci NOT NULL,
  `date` date NOT NULL,
  `status` enum('Waiting','Reject','Approved','Cancelled') NOT NULL,
  `approval` varchar(8) CHARACTER SET utf8mb4 COLLATE utf8mb4_unicode_ci DEFAULT NULL,
  `createdAt` datetime NOT NULL
) ENGINE=InnoDB DEFAULT CHARSET=utf8mb4 COLLATE=utf8mb4_general_ci;

--
-- Dumping data for table `ijin`
--

INSERT INTO `ijin` (`ijin_id`, `payroll`, `type`, `description`, `date`, `status`, `approval`, `createdAt`) VALUES
('0c0c7ce1-cc53-4b17-8598-4d93085ecfbe', '220803', 'Pernikahan', 'Mau Kawin Lagi', '2025-06-10', 'Approved', '291024', '2025-05-09 11:40:22'),
('49d292d9-17fd-4d16-ba3c-c372faa7b107', '220803', 'Pernikahan', 'Mau Kawin Lagi', '2025-05-26', 'Approved', '291024', '2025-05-09 11:40:22'),
('56627031-ebdb-4056-8f84-1e057b6c522b', '202207', 'Pernikahan', 'testes ', '2025-05-19', 'Waiting', '214505', '2025-05-08 17:07:40'),
('5beb306a-13df-453d-94c9-7f17c3e8be74', '220803', 'Kelahiran Anak', 'Test izin', '2025-05-12', 'Cancelled', '291024', '2025-05-06 13:14:27'),
('84332582-2f29-4ff2-b54b-d9fc6de7c8ad', '220803', 'Kelahiran Anak', 'Test izin', '2025-05-08', 'Reject', '291024', '2025-05-06 13:14:27'),
('c86f69aa-bbab-456e-83bd-40b24da3b6a0', '202207', 'Pernikahan', 'testes', '2025-05-20', 'Waiting', '214505', '2025-05-08 17:07:40'),
('cc411016-0faa-4d41-ac3f-04153368788d', '220803', 'Kelahiran Anak', 'Test izin', '2025-05-07', 'Approved', '291024', '2025-05-06 13:14:27'),
('d5b39a26-8f1d-4512-b1d9-6995b703073d', '220803', 'Pernikahan', 'Mau Kawin Lagi', '2025-05-28', 'Reject', '291024', '2025-05-09 11:40:22'),
('d6acf4f1-31f4-41d0-bc73-dacaac1baf31', '202207', 'Pernikahan', 'testes ', '2025-05-21', 'Waiting', '214505', '2025-05-08 17:07:40'),
('e7dbb172-067e-4c0f-8dac-9e780d0af9b9', '291024', 'Pernikahan', 'Nikah?', '2025-05-27', 'Waiting', '213514', '2025-05-09 14:47:18'),
('fed82102-87a0-464e-a91f-dce0a3e8a397', '220803', 'Kelahiran Anak', 'Test izin', '2025-05-13', 'Approved', '291024', '2025-05-06 13:14:27');

--
-- Triggers `ijin`
--
DELIMITER $$
CREATE TRIGGER `ijin_onapproved_insert_atttendance` AFTER UPDATE ON `ijin` FOR EACH ROW BEGIN
	IF NEW.Status<>OLD.Status and NEW.Status='Approved' THEN
		INSERT INTO attendance(attendance_id,user_id_machine,check_in,check_out,type,description) SELECT UUID(),user_id_machine,NEW.date,NEW.date, "Ijin Resmi", Concat(NEW.type, " - " ,NEW.description) from employee where payroll=NEW.payroll;
	END IF;
END
$$
DELIMITER ;

-- --------------------------------------------------------

--
-- Table structure for table `profile`
--

CREATE TABLE `profile` (
  `profile_id` varchar(50) NOT NULL,
  `name` varchar(100) NOT NULL,
  `description` varchar(255) NOT NULL,
  `level` tinyint(4) NOT NULL,
  `user_hrd` tinyint(1) NOT NULL,
  `access_sppd` varchar(4) NOT NULL,
  `access_skpd` varchar(4) NOT NULL,
  `access_attendance` varchar(4) NOT NULL,
  `access_spl` varchar(4) NOT NULL,
  `access_srl` varchar(4) NOT NULL,
  `access_cuti` varchar(4) NOT NULL,
  `access_ijin` varchar(4) NOT NULL,
  `access_calendar` varchar(4) NOT NULL,
  `access_user` varchar(4) NOT NULL,
  `access_profile` varchar(4) NOT NULL,
  `access_dept` varchar(4) NOT NULL,
  `access_setting` varchar(4) NOT NULL,
  `status` enum('Aktif','Nonaktif') NOT NULL
) ENGINE=InnoDB DEFAULT CHARSET=utf8mb4 COLLATE=utf8mb4_unicode_ci;

--
-- Dumping data for table `profile`
--

INSERT INTO `profile` (`profile_id`, `name`, `description`, `level`, `user_hrd`, `access_sppd`, `access_skpd`, `access_attendance`, `access_spl`, `access_srl`, `access_cuti`, `access_ijin`, `access_calendar`, `access_user`, `access_profile`, `access_dept`, `access_setting`, `status`) VALUES
('30349278-b074-430c-af99-c51cdd45703f', 'Manager IT', 'Manager IT ', 5, 0, 'CURD', 'CRUD', 'RDU', 'CRDU', 'CURD', 'CRUD', 'CURD', 'CRUD', 'CRUD', 'CRUD', 'CRUD', 'CRUD', 'Aktif'),
('5febe7d0-3b2b-4fc1-93eb-acf6724dbcc5', 'Staff IT', 'Staff IT', 1, 0, 'CRUD', 'C', 'CRUD', 'R', 'CRUD', 'CRUD', 'CUDR', 'RCU', 'RU', 'CRUD', 'R', 'R', 'Nonaktif'),
('c071a3dd-ad8d-49bb-97b2-9883d26f8eac', 'Kasi HRD', 'For Pak Pujo & Pak Agus', 3, 1, 'CRUD', 'CRUD', 'CUDR', 'CRUD', 'CRUD', 'CRUD', 'CURD', 'CRUD', 'CRUD', 'CRUD', 'CRUD', 'CRUD', 'Aktif'),
('d80b49f2-a2ef-418f-aafb-9176e2a7345a', 'Staff HRD', 'Staff HRD', 1, 1, 'CRUD', 'CRUD', 'CRUD', 'CRUD', 'CRUD', 'CRUD', 'CRUD', 'CRUD', 'CRUD', 'CRUD', 'CRUD', 'CRUD', 'Nonaktif'),
('fe0a3d78-5144-4dc8-b891-a604ce14b85d', 'Ricky', 'Akun untuk dev', 1, 0, 'CRUD', 'CRUD', 'CRUD', 'CRUD', 'CRUD', 'CRUD', 'CRUD', 'CRUD', 'RCUD', 'CRUD', 'CRUD', 'CRUD', 'Aktif'),
('Profile1', 'Kasubsi IT SMD', 'Kasubsi IT', 2, 0, 'CRUD', 'CRUD', 'CRUD', 'RUDC', 'CRUD', 'CRUD', 'CRUD', 'CRUD', 'CRUD', 'CRUD', 'CRUD', 'CRUD', 'Aktif');

-- --------------------------------------------------------

--
-- Table structure for table `setting`
--

CREATE TABLE `setting` (
  `setting_id` varchar(40) NOT NULL,
  `start_periode` tinyint(6) NOT NULL DEFAULT 17,
  `end_periode` tinyint(6) NOT NULL DEFAULT 16
) ENGINE=InnoDB DEFAULT CHARSET=utf8mb4 COLLATE=utf8mb4_general_ci;

--
-- Dumping data for table `setting`
--

INSERT INTO `setting` (`setting_id`, `start_periode`, `end_periode`) VALUES
('id', 27, 26);

-- --------------------------------------------------------

--
-- Table structure for table `skpd`
--

CREATE TABLE `skpd` (
  `skpd_id` varchar(40) CHARACTER SET utf8mb4 COLLATE utf8mb4_unicode_ci NOT NULL DEFAULT 'getNomorSKPD()',
  `sppd_id` varchar(40) CHARACTER SET utf8mb4 COLLATE utf8mb4_unicode_ci DEFAULT NULL,
  `payroll` varchar(8) CHARACTER SET utf8mb4 COLLATE utf8mb4_unicode_ci DEFAULT NULL,
  `real_start` datetime NOT NULL,
  `real_end` datetime NOT NULL,
  `status` enum('OPEN','CLOSE') CHARACTER SET utf8mb4 COLLATE utf8mb4_unicode_ci NOT NULL,
  `createdBy` varchar(8) CHARACTER SET utf8mb4 COLLATE utf8mb4_unicode_ci DEFAULT NULL,
  `createdAt` datetime NOT NULL
) ENGINE=InnoDB DEFAULT CHARSET=utf8mb4 COLLATE=utf8mb4_general_ci;

--
-- Dumping data for table `skpd`
--

INSERT INTO `skpd` (`skpd_id`, `sppd_id`, `payroll`, `real_start`, `real_end`, `status`, `createdBy`, `createdAt`) VALUES
('1-SKPD_HR-GA_STM_05-2025', '1-SPPD_MIS_STM_05-2025', '220803', '2025-05-26 00:00:00', '2025-06-02 00:00:00', 'CLOSE', '181124', '2025-05-06 14:07:40'),
('2-SKPD_HR-GA_STM_05-2025', '2-SPPD_MIS_STM_05-2025', '202207', '2025-05-20 00:00:00', '2025-05-22 00:00:00', 'OPEN', '181124', '2025-05-13 15:24:41');

-- --------------------------------------------------------

--
-- Table structure for table `spl`
--

CREATE TABLE `spl` (
  `spl_id` varchar(40) NOT NULL,
  `purpose` varchar(255) NOT NULL,
  `dept` varchar(6) DEFAULT NULL,
  `est_start` datetime NOT NULL,
  `est_end` datetime NOT NULL,
  `status1` enum('Waiting','Reject','Approved','Cancelled') NOT NULL DEFAULT 'Waiting',
  `approval1` varchar(8) DEFAULT NULL,
  `status2` enum('Waiting','Reject','Approved','Cancelled') NOT NULL DEFAULT 'Waiting',
  `approval2` varchar(8) DEFAULT NULL,
  `createdAt` datetime NOT NULL DEFAULT current_timestamp()
) ENGINE=InnoDB DEFAULT CHARSET=utf8mb4 COLLATE=utf8mb4_unicode_ci;

--
-- Dumping data for table `spl`
--

INSERT INTO `spl` (`spl_id`, `purpose`, `dept`, `est_start`, `est_end`, `status1`, `approval1`, `status2`, `approval2`, `createdAt`) VALUES
('1-SPL_MIS_STM_04-2025', 'Tes lembur', '5003', '2025-04-14 17:00:00', '2025-04-14 21:00:00', 'Approved', '214505', 'Approved', '291024', '2025-04-22 13:46:02'),
('1-SPL_MIS_STM_05-2025', 'lembur IT', '5003', '2025-05-02 17:00:00', '2025-05-02 19:30:00', 'Approved', '140826', 'Approved', '291024', '2025-05-03 16:00:11'),
('2-SPL_MIS_STM_05-2025', 'Project CCTV', '5003', '2025-05-10 09:00:00', '2025-05-10 16:00:00', 'Approved', '140826', 'Approved', '291024', '2025-05-06 14:39:49'),
('3-SPL_MIS_STM_05-2025', 'Lembur Program', '5003', '2025-05-17 08:00:00', '2025-05-17 13:00:00', 'Approved', '140826', 'Approved', '291024', '2025-05-07 15:59:51'),
('4-SPL_MIS_STM_05-2025', 'Kerjakan program time attendance', '5003', '2025-05-20 16:00:00', '2025-05-20 19:00:00', 'Approved', '140826', 'Approved', '291024', '2025-05-07 16:07:55'),
('5-SPL_MIS_STM_05-2025', 'Perbaikan Kabel LAN', '5003', '2025-05-10 09:00:00', '2025-05-10 14:00:00', 'Approved', '291024', 'Approved', '291024', '2025-05-08 11:19:20'),
('7-SPL_MIS_STM_05-2025', 'testes', '5003', '2025-05-02 18:00:00', '2025-05-02 21:00:00', 'Waiting', '291024', 'Waiting', '291024', '2025-05-10 14:00:32'),
('8-SPL_MIS_STM_05-2025', 'Lembur Udhin tanggal 3 May 2025', '5003', '2025-05-03 07:40:07', '2025-05-03 09:51:46', 'Waiting', '291024', 'Waiting', '291024', '2025-05-10 14:17:41'),
('9-SPL_MIS_STM_05-2025', 'Lembur Tjoa Ricky Febrianto tanggal 15 May 2025', '5003', '2025-05-15 17:00:00', '2025-05-15 18:00:00', 'Approved', '291024', 'Approved', '291024', '2025-05-15 13:33:55');

-- --------------------------------------------------------

--
-- Table structure for table `spl_detail`
--

CREATE TABLE `spl_detail` (
  `spl_detail_id` varchar(40) CHARACTER SET utf8mb4 COLLATE utf8mb4_unicode_ci NOT NULL,
  `step` tinyint(6) NOT NULL,
  `spl_id` varchar(40) CHARACTER SET utf8mb4 COLLATE utf8mb4_unicode_ci NOT NULL,
  `payroll` varchar(8) CHARACTER SET utf8mb4 COLLATE utf8mb4_unicode_ci DEFAULT NULL,
  `description` varchar(255) CHARACTER SET utf8mb4 COLLATE utf8mb4_unicode_ci NOT NULL
) ENGINE=InnoDB DEFAULT CHARSET=utf8mb4 COLLATE=utf8mb4_general_ci;

--
-- Dumping data for table `spl_detail`
--

INSERT INTO `spl_detail` (`spl_detail_id`, `step`, `spl_id`, `payroll`, `description`) VALUES
('07e0356d-50e5-42ae-89f3-c18add7cfa51', 1, '1-SPL_MIS_STM_05-2025', '202207', 'time attendance'),
('2c4bb30d-2864-489b-ae65-e5c3b56f6a55', 0, '2-SPL_MIS_STM_05-2025', '220803', 'Pemasangan CCTV Narogong'),
('351938b1-29bc-4b4a-ba1b-e1ccc0a41b2d', 0, '1-SPL_MIS_STM_05-2025', '213514', 'jaringan, mikrotik'),
('49f04eb0-2b28-4688-abab-81d6a099b3f0', 0, '7-SPL_MIS_STM_05-2025', '111112', 'tes'),
('72eb331b-cd31-41a4-8c1f-042448ff00eb', 0, '8-SPL_MIS_STM_05-2025', '214505', 'tes lembur'),
('8a2920ff-80f6-4159-90c0-c2dbc9b8b5e6', 0, '5-SPL_MIS_STM_05-2025', '220803', 'Penarikan'),
('8c5e541e-3a1f-4f0a-b904-77d86aacb821', 0, '3-SPL_MIS_STM_05-2025', '202207', 'tes lembur'),
('bc2f8868-fb3b-416f-a71d-85688f4b63e4', 0, '4-SPL_MIS_STM_05-2025', '202207', 'Time attendance, react'),
('beeb4407-7e4b-44eb-933a-258b3d8f320a', 0, '1-SPL_MIS_STM_04-2025', '202207', 'tes, react'),
('f1cceb6b-306f-46cc-b473-8b3d00e6b0c0', 0, '9-SPL_MIS_STM_05-2025', '202207', 'lembur time attendance');

-- --------------------------------------------------------

--
-- Table structure for table `sppd`
--

CREATE TABLE `sppd` (
  `sppd_id` varchar(40) CHARACTER SET utf8mb4 COLLATE utf8mb4_unicode_ci NOT NULL,
  `purpose` varchar(255) CHARACTER SET utf8mb4 COLLATE utf8mb4_unicode_ci NOT NULL,
  `location` varchar(100) CHARACTER SET utf8mb4 COLLATE utf8mb4_unicode_ci NOT NULL,
  `dept` varchar(6) CHARACTER SET utf8mb4 COLLATE utf8mb4_unicode_ci DEFAULT NULL,
  `start_date` datetime NOT NULL,
  `end_date` datetime NOT NULL,
  `duration` tinyint(4) NOT NULL,
  `createdBy` varchar(8) CHARACTER SET utf8mb4 COLLATE utf8mb4_unicode_ci DEFAULT NULL,
  `createdAt` datetime NOT NULL
) ENGINE=InnoDB DEFAULT CHARSET=utf8mb4 COLLATE=utf8mb4_general_ci;

--
-- Dumping data for table `sppd`
--

INSERT INTO `sppd` (`sppd_id`, `purpose`, `location`, `dept`, `start_date`, `end_date`, `duration`, `createdBy`, `createdAt`) VALUES
('1-SPPD_MIS_STM_05-2025', 'Project PMS', 'Samarinda', '5003', '2025-05-26 00:00:00', '2025-06-02 00:00:00', 8, '291024', '2025-05-06 14:05:27'),
('2-SPPD_MIS_STM_05-2025', 'Project Time attendance', 'Jakarta', '5003', '2025-05-20 00:00:00', '2025-05-22 00:00:00', 3, '291024', '2025-05-13 15:23:25'),
('3-SPPD_MIS_STM_05-2025', 'Ryan Dinas Jakarta', 'Jakarta', '5003', '2025-06-02 00:00:00', '2025-06-04 00:00:00', 3, '291024', '2025-05-15 14:16:55');

-- --------------------------------------------------------

--
-- Table structure for table `sppd_detail`
--

CREATE TABLE `sppd_detail` (
  `sppd_detail_id` varchar(40) CHARACTER SET utf8mb4 COLLATE utf8mb4_unicode_ci NOT NULL,
  `step` tinyint(4) NOT NULL,
  `sppd_id` varchar(40) CHARACTER SET utf8mb4 COLLATE utf8mb4_unicode_ci DEFAULT NULL,
  `payroll` varchar(8) CHARACTER SET utf8mb4 COLLATE utf8mb4_unicode_ci DEFAULT NULL,
  `description` varchar(255) CHARACTER SET utf8mb4 COLLATE utf8mb4_unicode_ci NOT NULL
) ENGINE=InnoDB DEFAULT CHARSET=utf8mb4 COLLATE=utf8mb4_general_ci;

--
-- Dumping data for table `sppd_detail`
--

INSERT INTO `sppd_detail` (`sppd_detail_id`, `step`, `sppd_id`, `payroll`, `description`) VALUES
('08a9c931-d3b7-4ad0-a944-f617962b67c6', 1, '1-SPPD_MIS_STM_05-2025', '140826', 'Test SPPD, Project PMS'),
('5bbafd91-05cd-4937-ae31-6298253051b6', 0, '3-SPPD_MIS_STM_05-2025', '202201', 'Perbaiki jaringan'),
('6b95be34-332a-41c0-8b95-c91348416320', 0, '2-SPPD_MIS_STM_05-2025', '202207', 'Time attendance'),
('bf7daea8-20d6-4f7b-85e8-e3bc5810a31e', 0, '1-SPPD_MIS_STM_05-2025', '220801', 'Test SPPD, Project PMS');

-- --------------------------------------------------------

--
-- Table structure for table `srl`
--

CREATE TABLE `srl` (
  `srl_id` varchar(40) CHARACTER SET utf8mb4 COLLATE utf8mb4_unicode_ci NOT NULL,
  `spl_id` varchar(40) CHARACTER SET utf8mb4 COLLATE utf8mb4_unicode_ci DEFAULT NULL,
  `payroll` varchar(8) CHARACTER SET utf8mb4 COLLATE utf8mb4_unicode_ci DEFAULT NULL,
  `real_start` datetime NOT NULL,
  `real_end` datetime NOT NULL,
  `status1` enum('Waiting','Reject','Approved','Cancelled') CHARACTER SET utf8mb4 COLLATE utf8mb4_unicode_ci NOT NULL DEFAULT 'Waiting',
  `approval1` varchar(8) CHARACTER SET utf8mb4 COLLATE utf8mb4_unicode_ci DEFAULT NULL,
  `status2` enum('Waiting','Reject','Approved','Cancelled') CHARACTER SET utf8mb4 COLLATE utf8mb4_unicode_ci NOT NULL DEFAULT 'Waiting',
  `approval2` varchar(8) CHARACTER SET utf8mb4 COLLATE utf8mb4_unicode_ci DEFAULT NULL,
  `createdAt` datetime NOT NULL
) ENGINE=InnoDB DEFAULT CHARSET=utf8mb4 COLLATE=utf8mb4_general_ci;

--
-- Dumping data for table `srl`
--

INSERT INTO `srl` (`srl_id`, `spl_id`, `payroll`, `real_start`, `real_end`, `status1`, `approval1`, `status2`, `approval2`, `createdAt`) VALUES
('1-SRL_MIS_STM_05-2025', '3-SPL_MIS_STM_05-2025', '202207', '2025-05-17 08:00:00', '2025-05-17 17:00:00', 'Approved', '140826', 'Approved', '291024', '2025-05-07 16:05:02'),
('2-SRL_MIS_STM_05-2025', '4-SPL_MIS_STM_05-2025', '202207', '2025-05-20 17:00:00', '2025-05-20 18:03:00', 'Approved', '140826', 'Approved', '291024', '2025-05-07 17:00:46'),
('3-SRL_MIS_STM_05-2025', '2-SPL_MIS_STM_05-2025', '220803', '2025-05-10 08:00:00', '2025-05-10 17:00:00', 'Approved', '140826', 'Approved', '291024', '2025-05-09 12:27:52');

-- --------------------------------------------------------

--
-- Table structure for table `srl_detail`
--

CREATE TABLE `srl_detail` (
  `srl_detail_id` varchar(40) CHARACTER SET utf8mb4 COLLATE utf8mb4_unicode_ci NOT NULL,
  `srl_id` varchar(40) CHARACTER SET utf8mb4 COLLATE utf8mb4_unicode_ci DEFAULT NULL,
  `description` varchar(255) NOT NULL,
  `status` varchar(50) NOT NULL
) ENGINE=InnoDB DEFAULT CHARSET=utf8mb4 COLLATE=utf8mb4_general_ci;

--
-- Dumping data for table `srl_detail`
--

INSERT INTO `srl_detail` (`srl_detail_id`, `srl_id`, `description`, `status`) VALUES
('4993be20-2a81-40ea-807c-243c252de062', '1-SRL_MIS_STM_05-2025', 'tes lembur', 'Completed'),
('726b8458-81a1-40e3-8c44-dc941695c128', '3-SRL_MIS_STM_05-2025', 'Pemasangan CCTV Narogong', 'Completed'),
('841d98f0-df60-4de4-8136-1f7ea0c879fe', '2-SRL_MIS_STM_05-2025', 'Time attendance', 'Completed'),
('cc9b2854-c4da-41b2-a244-4f84e33fa791', '2-SRL_MIS_STM_05-2025', 'react', 'Completed');

-- --------------------------------------------------------

--
-- Table structure for table `temp_check_io`
--

CREATE TABLE `temp_check_io` (
  `check_io_id` varchar(40) NOT NULL,
  `user_id_machine` varchar(6) NOT NULL,
  `datetime` datetime NOT NULL,
  `type` varchar(50) NOT NULL
) ENGINE=InnoDB DEFAULT CHARSET=utf8mb4 COLLATE=utf8mb4_unicode_ci;

-- --------------------------------------------------------

--
-- Table structure for table `_prisma_migrations`
--

CREATE TABLE `_prisma_migrations` (
  `id` varchar(36) NOT NULL,
  `checksum` varchar(64) NOT NULL,
  `finished_at` datetime(3) DEFAULT NULL,
  `migration_name` varchar(255) NOT NULL,
  `logs` text DEFAULT NULL,
  `rolled_back_at` datetime(3) DEFAULT NULL,
  `started_at` datetime(3) NOT NULL DEFAULT current_timestamp(3),
  `applied_steps_count` int(10) UNSIGNED NOT NULL DEFAULT 0
) ENGINE=InnoDB DEFAULT CHARSET=utf8mb4 COLLATE=utf8mb4_unicode_ci;

--
-- Dumping data for table `_prisma_migrations`
--

INSERT INTO `_prisma_migrations` (`id`, `checksum`, `finished_at`, `migration_name`, `logs`, `rolled_back_at`, `started_at`, `applied_steps_count`) VALUES
('54aa41ca-998b-49de-b2e5-79581a1122d9', 'd6a6f00e9ffb0973fcea3107d931d1e7bafd2bf5633762264836d7e1221f16e3', '2025-03-13 08:09:43.052', '20250313080942_migrasi_baru', NULL, NULL, '2025-03-13 08:09:42.915', 1);

--
-- Indexes for dumped tables
--

--
-- Indexes for table `attendance`
--
ALTER TABLE `attendance`
  ADD PRIMARY KEY (`attendance_id`),
  ADD KEY `createdBy` (`createdBy`),
  ADD KEY `user_id_mesin` (`user_id_machine`),
  ADD KEY `check_in` (`check_in`),
  ADD KEY `check_out` (`check_out`),
  ADD KEY `check_in2` (`check_in2`),
  ADD KEY `check_out2` (`check_out2`),
  ADD KEY `type` (`type`);

--
-- Indexes for table `calendar`
--
ALTER TABLE `calendar`
  ADD PRIMARY KEY (`calendar_id`),
  ADD UNIQUE KEY `date` (`date`);

--
-- Indexes for table `check_io`
--
ALTER TABLE `check_io`
  ADD PRIMARY KEY (`check_io_id`),
  ADD KEY `user_id_mesin` (`user_id_machine`);

--
-- Indexes for table `cuti`
--
ALTER TABLE `cuti`
  ADD PRIMARY KEY (`cuti_id`),
  ADD KEY `payroll` (`payroll`),
  ADD KEY `approval` (`approval`),
  ADD KEY `date` (`date`);

--
-- Indexes for table `dept`
--
ALTER TABLE `dept`
  ADD PRIMARY KEY (`dept_id`),
  ADD UNIQUE KEY `dept_code` (`dept_code`);
ALTER TABLE `dept` ADD FULLTEXT KEY `dept_code_2` (`dept_code`,`name`);

--
-- Indexes for table `employee`
--
ALTER TABLE `employee`
  ADD PRIMARY KEY (`payroll`),
  ADD UNIQUE KEY `user_id_mesin` (`user_id_machine`),
  ADD UNIQUE KEY `Employee_Email_key` (`email`),
  ADD KEY `Employee_profile_id_fkey` (`profile_id`),
  ADD KEY `employee_department_fkey` (`department`),
  ADD KEY `approver` (`approver`),
  ADD KEY `substitute` (`substitute`);
ALTER TABLE `employee` ADD FULLTEXT KEY `payroll` (`payroll`,`user_id_machine`,`profile_id`,`email`,`name`,`position`,`department`,`location`,`phone`);

--
-- Indexes for table `ijin`
--
ALTER TABLE `ijin`
  ADD PRIMARY KEY (`ijin_id`),
  ADD KEY `payroll` (`payroll`),
  ADD KEY `approval` (`approval`),
  ADD KEY `date` (`date`);

--
-- Indexes for table `profile`
--
ALTER TABLE `profile`
  ADD PRIMARY KEY (`profile_id`);

--
-- Indexes for table `setting`
--
ALTER TABLE `setting`
  ADD PRIMARY KEY (`setting_id`);

--
-- Indexes for table `skpd`
--
ALTER TABLE `skpd`
  ADD PRIMARY KEY (`skpd_id`),
  ADD KEY `sppd_id` (`sppd_id`),
  ADD KEY `payroll` (`payroll`),
  ADD KEY `createdBy` (`createdBy`);

--
-- Indexes for table `spl`
--
ALTER TABLE `spl`
  ADD PRIMARY KEY (`spl_id`),
  ADD KEY `approval1` (`approval1`),
  ADD KEY `approval2` (`approval2`),
  ADD KEY `est_start` (`est_start`),
  ADD KEY `est_end` (`est_end`),
  ADD KEY `dept` (`dept`);

--
-- Indexes for table `spl_detail`
--
ALTER TABLE `spl_detail`
  ADD PRIMARY KEY (`spl_detail_id`),
  ADD KEY `spl_id` (`spl_id`),
  ADD KEY `payroll` (`payroll`);

--
-- Indexes for table `sppd`
--
ALTER TABLE `sppd`
  ADD PRIMARY KEY (`sppd_id`),
  ADD KEY `dept` (`dept`),
  ADD KEY `createdBy` (`createdBy`);

--
-- Indexes for table `sppd_detail`
--
ALTER TABLE `sppd_detail`
  ADD PRIMARY KEY (`sppd_detail_id`),
  ADD KEY `sppd_id` (`sppd_id`),
  ADD KEY `payroll` (`payroll`);

--
-- Indexes for table `srl`
--
ALTER TABLE `srl`
  ADD PRIMARY KEY (`srl_id`),
  ADD KEY `spl_id` (`spl_id`),
  ADD KEY `payroll` (`payroll`),
  ADD KEY `approval` (`approval1`),
  ADD KEY `approval2` (`approval2`),
  ADD KEY `real_start` (`real_start`),
  ADD KEY `real_end` (`real_end`);

--
-- Indexes for table `srl_detail`
--
ALTER TABLE `srl_detail`
  ADD PRIMARY KEY (`srl_detail_id`),
  ADD KEY `srl_id` (`srl_id`);

--
-- Indexes for table `temp_check_io`
--
ALTER TABLE `temp_check_io`
  ADD PRIMARY KEY (`check_io_id`),
  ADD KEY `user_id_mesin` (`user_id_machine`);

--
-- Indexes for table `_prisma_migrations`
--
ALTER TABLE `_prisma_migrations`
  ADD PRIMARY KEY (`id`);

--
-- Constraints for dumped tables
--

--
-- Constraints for table `attendance`
--
ALTER TABLE `attendance`
  ADD CONSTRAINT `Attendance_created_by_fkey` FOREIGN KEY (`createdBy`) REFERENCES `employee` (`payroll`) ON DELETE SET NULL ON UPDATE CASCADE,
  ADD CONSTRAINT `Attendance_user_id_machine_fkey` FOREIGN KEY (`user_id_machine`) REFERENCES `employee` (`user_id_machine`) ON DELETE SET NULL ON UPDATE CASCADE;

--
-- Constraints for table `cuti`
--
ALTER TABLE `cuti`
  ADD CONSTRAINT `cuti_approval_fkey` FOREIGN KEY (`approval`) REFERENCES `employee` (`payroll`) ON DELETE SET NULL ON UPDATE CASCADE,
  ADD CONSTRAINT `cuti_payroll_fkey` FOREIGN KEY (`payroll`) REFERENCES `employee` (`payroll`) ON DELETE SET NULL ON UPDATE CASCADE;

--
-- Constraints for table `employee`
--
ALTER TABLE `employee`
  ADD CONSTRAINT `Employee_profile_id_fkey` FOREIGN KEY (`profile_id`) REFERENCES `profile` (`profile_id`) ON DELETE SET NULL ON UPDATE CASCADE,
  ADD CONSTRAINT `employee_approver_fkey` FOREIGN KEY (`approver`) REFERENCES `employee` (`payroll`) ON DELETE SET NULL ON UPDATE CASCADE,
  ADD CONSTRAINT `employee_department_fkey` FOREIGN KEY (`department`) REFERENCES `dept` (`dept_code`) ON DELETE SET NULL ON UPDATE CASCADE,
  ADD CONSTRAINT `employee_substitute_fkey` FOREIGN KEY (`substitute`) REFERENCES `employee` (`payroll`) ON DELETE SET NULL ON UPDATE CASCADE;

--
-- Constraints for table `ijin`
--
ALTER TABLE `ijin`
  ADD CONSTRAINT `ijin_approval_fkey` FOREIGN KEY (`approval`) REFERENCES `employee` (`payroll`) ON DELETE SET NULL ON UPDATE CASCADE,
  ADD CONSTRAINT `ijin_payroll_fkey` FOREIGN KEY (`payroll`) REFERENCES `employee` (`payroll`) ON DELETE SET NULL ON UPDATE CASCADE;

--
-- Constraints for table `skpd`
--
ALTER TABLE `skpd`
  ADD CONSTRAINT `skpd_createdBy_fkey` FOREIGN KEY (`createdBy`) REFERENCES `employee` (`payroll`) ON DELETE SET NULL ON UPDATE CASCADE,
  ADD CONSTRAINT `skpd_payroll_fkey` FOREIGN KEY (`payroll`) REFERENCES `employee` (`payroll`) ON DELETE SET NULL ON UPDATE CASCADE,
  ADD CONSTRAINT `skpd_sppd_id_fkey` FOREIGN KEY (`sppd_id`) REFERENCES `sppd` (`sppd_id`) ON DELETE CASCADE ON UPDATE CASCADE;

--
-- Constraints for table `spl`
--
ALTER TABLE `spl`
  ADD CONSTRAINT `spl_approval1_fkey` FOREIGN KEY (`approval1`) REFERENCES `employee` (`payroll`) ON DELETE SET NULL ON UPDATE CASCADE,
  ADD CONSTRAINT `spl_approval2_fkey` FOREIGN KEY (`approval2`) REFERENCES `employee` (`payroll`) ON DELETE SET NULL ON UPDATE CASCADE,
  ADD CONSTRAINT `spl_dept_fkey` FOREIGN KEY (`dept`) REFERENCES `dept` (`dept_code`) ON DELETE SET NULL ON UPDATE CASCADE;

--
-- Constraints for table `spl_detail`
--
ALTER TABLE `spl_detail`
  ADD CONSTRAINT `spl_detail_payroll_fkey` FOREIGN KEY (`payroll`) REFERENCES `employee` (`payroll`) ON DELETE SET NULL ON UPDATE CASCADE,
  ADD CONSTRAINT `spl_detail_spl_id_fkey` FOREIGN KEY (`spl_id`) REFERENCES `spl` (`spl_id`) ON DELETE CASCADE ON UPDATE CASCADE;

--
-- Constraints for table `sppd`
--
ALTER TABLE `sppd`
  ADD CONSTRAINT `sppd_createdBy_fkey` FOREIGN KEY (`createdBy`) REFERENCES `employee` (`payroll`) ON DELETE SET NULL ON UPDATE CASCADE,
  ADD CONSTRAINT `sppd_dept_fkey` FOREIGN KEY (`dept`) REFERENCES `dept` (`dept_code`) ON DELETE SET NULL ON UPDATE CASCADE;

--
-- Constraints for table `sppd_detail`
--
ALTER TABLE `sppd_detail`
  ADD CONSTRAINT `sppd_detail_payroll_fkey` FOREIGN KEY (`payroll`) REFERENCES `employee` (`payroll`) ON DELETE SET NULL ON UPDATE CASCADE,
  ADD CONSTRAINT `sppd_detail_sppd_id_fkey` FOREIGN KEY (`sppd_id`) REFERENCES `sppd` (`sppd_id`) ON DELETE CASCADE ON UPDATE CASCADE;

--
-- Constraints for table `srl`
--
ALTER TABLE `srl`
  ADD CONSTRAINT `srl_approval1_fkey` FOREIGN KEY (`approval1`) REFERENCES `employee` (`payroll`) ON DELETE SET NULL ON UPDATE CASCADE,
  ADD CONSTRAINT `srl_approval2_fkey` FOREIGN KEY (`approval2`) REFERENCES `employee` (`payroll`) ON DELETE SET NULL ON UPDATE CASCADE,
  ADD CONSTRAINT `srl_payroll_fkey` FOREIGN KEY (`payroll`) REFERENCES `employee` (`payroll`) ON DELETE SET NULL ON UPDATE CASCADE,
  ADD CONSTRAINT `srl_spl_id_fkey` FOREIGN KEY (`spl_id`) REFERENCES `spl` (`spl_id`) ON DELETE SET NULL ON UPDATE CASCADE;

--
-- Constraints for table `srl_detail`
--
ALTER TABLE `srl_detail`
  ADD CONSTRAINT `srl_detail_srl_id_fkey` FOREIGN KEY (`srl_id`) REFERENCES `srl` (`srl_id`) ON DELETE CASCADE ON UPDATE CASCADE;

DELIMITER $$
--
-- Events
--
CREATE DEFINER=`root`@`localhost` EVENT `event_insert_attendance` ON SCHEDULE EVERY 1 HOUR STARTS '2025-04-23 00:01:00' ON COMPLETION NOT PRESERVE ENABLE DO CALL insert_daily_attendance()$$

DELIMITER ;
COMMIT;

/*!40101 SET CHARACTER_SET_CLIENT=@OLD_CHARACTER_SET_CLIENT */;
/*!40101 SET CHARACTER_SET_RESULTS=@OLD_CHARACTER_SET_RESULTS */;
/*!40101 SET COLLATION_CONNECTION=@OLD_COLLATION_CONNECTION */;
